"Date","Price","Open","High","Low","Vol.","Change %"
"12/30/2022","392.00","393.50","395.00","392.00","72.49K","-0.76%"
"12/29/2022","395.00","392.35","395.00","392.35","35.95K","-0.50%"
"12/28/2022","397.00","392.30","397.00","390.05","2.34K","0.00%"
"12/27/2022","397.00","392.00","398.95","392.00","27.38K","-0.75%"
"12/26/2022","400.00","400.00","400.00","400.00","0.16K","0.00%"
"12/23/2022","400.00","400.00","400.00","396.00","32.09K","1.27%"
"12/22/2022","395.00","394.00","400.00","394.00","1.87K","1.02%"
"12/21/2022","391.00","390.00","392.00","390.00","0.71K","0.26%"
"12/20/2022","390.00","403.00","404.00","390.00","55.00K","-2.50%"
"12/19/2022","400.00","398.00","400.00","398.00","0.01K","-0.49%"
"12/16/2022","401.95","409.80","409.80","400.00","24.44K","-1.96%"
"12/15/2022","410.00","410.00","410.00","409.50","32.77K","0.00%"
"12/14/2022","410.00","409.05","410.00","409.05","55.83K","0.05%"
"12/13/2022","409.80","412.00","412.00","407.50","254.02K","-0.02%"
"12/12/2022","409.90","411.95","412.00","407.05","13.98K","0.00%"
"12/09/2022","409.90","408.00","410.00","406.05","20.58K","-0.01%"
"12/08/2022","409.95","406.50","410.00","406.50","862.56K","-0.01%"
"12/07/2022","410.00","411.00","411.00","408.00","192.81K","0.00%"
"12/06/2022","410.00","412.00","412.00","408.00","41.06K","0.00%"
"12/05/2022","410.00","406.05","410.00","405.10","2.08K","0.00%"
"12/02/2022","410.00","410.00","410.00","405.65","15.51K","0.00%"
"12/01/2022","410.00","405.00","411.05","405.00","16.54K","1.74%"
"11/30/2022","403.00","405.25","408.00","401.00","62.88K","-1.47%"
"11/29/2022","409.00","410.00","410.00","406.00","19.36K","-0.24%"
"11/28/2022","410.00","410.00","411.00","410.00","26.03K","0.01%"
"11/25/2022","409.95","405.00","409.95","405.00","6.14K","1.72%"
"11/24/2022","403.00","402.55","410.00","394.10","6.70K","-0.49%"
"11/23/2022","405.00","402.00","405.00","400.05","5.78K","0.37%"
"11/22/2022","403.50","401.05","403.50","401.00","6.58K","0.62%"
"11/21/2022","401.00","405.00","405.10","401.00","30.76K","-0.99%"
"11/17/2022","405.00","395.00","405.00","395.00","44.07K","3.85%"
"11/16/2022","390.00","385.00","390.05","385.00","25.20K","1.80%"
"11/15/2022","383.10","379.00","383.10","378.00","37.84K","1.35%"
"11/14/2022","378.00","378.00","378.00","375.00","9.66K","1.34%"
"11/11/2022","373.00","380.00","380.00","370.10","150.15K","0.27%"
"11/10/2022","372.00","389.00","389.00","372.00","58.54K","-3.88%"
"11/09/2022","387.00","388.00","389.90","386.65","46.05K","-0.21%"
"11/08/2022","387.80","386.25","392.00","386.25","20.03K","-0.55%"
"11/07/2022","389.95","393.50","393.50","389.95","29.62K","0.50%"
"11/04/2022","388.00","388.00","390.00","388.00","29.87K","-0.51%"
"11/03/2022","390.00","390.00","394.00","387.00","2.90K","0.00%"
"11/02/2022","390.00","394.90","394.90","390.00","4.41K","0.00%"
"11/01/2022","390.00","390.00","390.00","389.95","19.19K","1.30%"
"10/31/2022","385.00","394.00","395.00","385.00","28.06K","-1.31%"
"10/28/2022","390.10","390.00","394.00","390.00","13.17K","0.03%"
"10/27/2022","390.00","380.00","390.00","380.00","10.23K","3.86%"
"10/26/2022","375.50","390.50","394.50","375.50","38.64K","-4.94%"
"10/25/2022","395.00","389.00","398.00","389.00","27.61K","1.27%"
"10/24/2022","390.05","390.00","399.95","390.00","3.43K","-2.00%"
"10/21/2022","398.00","399.00","400.00","398.00","12.57K","-0.25%"
"10/20/2022","399.00","404.00","405.00","399.00","34.85K","-2.21%"
"10/19/2022","408.00","410.00","415.00","403.50","31.89K","0.49%"
"10/18/2022","406.00","412.00","412.00","406.00","3.07K","-1.47%"
"10/17/2022","412.05","415.00","420.00","408.00","12.98K","0.24%"
"10/14/2022","411.05","417.55","420.00","411.05","62.18K","-1.90%"
"10/13/2022","419.00","424.00","424.00","416.40","13.95K","-1.18%"
"10/12/2022","424.00","423.10","425.00","423.10","24.40K","-1.17%"
"10/11/2022","429.00","425.00","429.00","423.00","21.85K","1.66%"
"10/07/2022","422.00","421.05","425.00","420.00","11.88K","0.24%"
"10/06/2022","421.00","422.00","422.00","420.00","10.39K","0.24%"
"10/05/2022","420.00","416.10","425.00","416.10","8.86K","1.07%"
"10/04/2022","415.55","416.15","420.00","415.00","67.60K","0.08%"
"10/03/2022","415.20","421.00","422.00","415.20","2.01K","-2.31%"
"09/30/2022","425.00","425.00","425.00","411.00","187.11K","0.95%"
"09/29/2022","421.00","420.00","428.00","420.00","47.62K","-0.94%"
"09/28/2022","425.00","431.15","431.15","420.10","111.01K","-2.97%"
"09/27/2022","438.00","441.05","441.50","438.00","354.20K","-0.57%"
"09/26/2022","440.50","431.00","441.00","431.00","51.92K","0.00%"
"09/23/2022","440.50","437.00","443.00","437.00","37.18K","-0.33%"
"09/22/2022","441.95","440.00","441.95","440.00","34.56K","0.67%"
"09/21/2022","439.00","435.00","441.00","435.00","3.20K","-0.18%"
"09/20/2022","439.80","441.00","441.00","437.00","8.81K","0.41%"
"09/19/2022","438.00","438.00","438.10","438.00","7.04K","-0.68%"
"09/16/2022","441.00","438.00","441.00","437.00","30.50K","0.68%"
"09/15/2022","438.00","436.50","438.00","435.10","0.42K","0.00%"
"09/14/2022","438.00","438.00","438.00","437.00","7.62K","0.00%"
"09/13/2022","438.00","437.00","438.00","433.20","42.70K","0.69%"
"09/12/2022","435.00","435.00","435.00","431.60","1.60K","-0.46%"
"09/09/2022","437.00","432.05","437.05","432.05","103.21K","1.02%"
"09/08/2022","432.60","432.60","435.00","432.60","5.18K","-0.67%"
"09/07/2022","435.50","432.20","435.50","432.15","5.19K","0.11%"
"09/06/2022","435.00","431.10","435.00","431.10","2.94K","0.67%"
"09/05/2022","432.10","430.10","439.00","430.10","24.94K","-0.67%"
"09/02/2022","435.00","439.95","439.95","432.20","1.91K","0.69%"
"09/01/2022","432.00","433.95","433.95","432.00","0.83K","-1.03%"
"08/31/2022","436.50","442.90","442.90","434.95","12.50K","0.31%"
"08/30/2022","435.15","437.05","440.00","435.00","14.58K","-1.10%"
"08/29/2022","440.00","436.10","440.00","436.10","3.61K","0.00%"
"08/26/2022","440.00","432.50","440.00","432.50","15.16K","0.00%"
"08/25/2022","440.00","433.00","440.00","432.15","1.67K","0.23%"
"08/24/2022","439.00","436.00","439.00","432.15","2.86K","-0.13%"
"08/23/2022","439.55","447.90","447.90","436.00","21.98K","0.24%"
"08/22/2022","438.50","442.05","442.05","438.50","12.27K","-1.46%"
"08/19/2022","445.00","443.50","445.00","440.10","11.03K","0.34%"
"08/18/2022","443.50","449.95","449.95","442.60","14.89K","-1.00%"
"08/17/2022","448.00","450.20","450.20","443.30","19.09K","-0.47%"
"08/16/2022","450.10","448.00","450.10","445.00","14.13K","0.47%"
"08/15/2022","448.00","446.00","449.00","442.00","11.14K","0.43%"
"08/12/2022","446.10","445.00","449.00","441.50","17.16K","1.16%"
"08/11/2022","441.00","435.00","445.00","435.00","19.51K","0.68%"
"08/10/2022","438.00","430.50","439.90","430.50","30.48K","0.46%"
"08/09/2022","436.00","433.35","437.00","432.00","28.25K","0.58%"
"08/08/2022","433.50","427.10","433.50","427.10","0.76K","0.76%"
"08/05/2022","430.25","427.05","430.25","427.05","25.28K","0.29%"
"08/04/2022","429.00","425.00","430.00","425.00","28.77K","0.46%"
"08/03/2022","427.05","427.00","429.00","425.00","19.73K","-0.45%"
"08/02/2022","429.00","429.00","429.00","426.05","18.68K","0.23%"
"08/01/2022","428.00","432.90","432.90","426.05","24.44K","-0.47%"
"07/29/2022","430.00","434.50","434.50","427.10","16.09K","-0.92%"
"07/28/2022","434.00","427.10","434.00","427.10","0.24K","1.81%"
"07/27/2022","426.30","427.00","434.95","426.20","0.29K","-1.66%"
"07/26/2022","433.50","432.00","433.50","430.00","43.85K","1.76%"
"07/25/2022","426.00","430.00","434.90","425.10","9.88K","-2.07%"
"07/22/2022","435.00","435.00","435.00","430.00","10.24K","0.00%"
"07/21/2022","435.00","438.00","438.00","435.00","8.04K","-0.46%"
"07/20/2022","437.00","437.00","437.00","435.55","15.34K","0.41%"
"07/19/2022","435.20","434.00","435.20","430.00","6.07K","1.15%"
"07/18/2022","430.25","430.00","430.25","425.00","9.37K","-0.86%"
"07/15/2022","434.00","430.00","434.95","430.00","11.96K","1.64%"
"07/14/2022","427.00","428.95","430.00","425.00","4.84K","-0.45%"
"07/13/2022","428.95","423.10","428.95","423.10","1.00K","0.88%"
"07/12/2022","425.20","425.10","425.20","425.10","24.54K","0.02%"
"07/08/2022","425.10","428.00","429.00","425.00","51.11K","0.05%"
"07/07/2022","424.90","419.90","424.90","419.00","19.89K","2.39%"
"07/06/2022","415.00","418.00","419.80","415.00","49.23K","1.22%"
"07/05/2022","410.00","427.85","427.85","410.00","39.50K","-4.65%"
"07/04/2022","430.00","434.95","434.95","430.00","3.24K","1.18%"
"07/01/2022","425.00","428.60","428.60","425.00","30.60K","-0.82%"
"06/30/2022","428.50","435.00","435.00","428.05","147.23K","-1.49%"
"06/29/2022","435.00","434.00","435.00","426.00","16.63K","2.84%"
"06/28/2022","423.00","434.00","434.00","423.00","163.91K","-0.48%"
"06/27/2022","425.05","431.00","438.95","425.05","168.20K","-2.29%"
"06/24/2022","435.00","425.50","435.00","425.50","7.13K","2.35%"
"06/23/2022","425.00","429.00","429.50","424.00","72.05K","-0.93%"
"06/22/2022","429.00","435.10","443.85","429.00","231.17K","-1.38%"
"06/21/2022","435.00","434.00","435.00","433.00","104.25K","0.45%"
"06/20/2022","433.05","436.00","436.00","433.05","2.25K","-0.45%"
"06/17/2022","435.00","440.30","445.00","435.00","43.95K","-1.18%"
"06/16/2022","440.20","442.25","445.00","440.20","21.21K","-1.95%"
"06/15/2022","448.95","440.00","450.00","437.00","108.99K","3.21%"
"06/14/2022","435.00","447.00","447.00","435.00","32.71K","-2.68%"
"06/13/2022","447.00","450.00","450.10","447.00","7.48K","-1.75%"
"06/10/2022","454.95","450.05","455.00","447.00","11.41K","0.64%"
"06/09/2022","452.05","459.00","460.00","451.00","9.40K","-0.76%"
"06/08/2022","455.50","460.00","464.00","450.00","6.55K","-0.98%"
"06/07/2022","460.00","449.00","462.00","449.00","84.38K","1.10%"
"06/06/2022","455.00","451.00","455.00","445.70","40.52K","0.89%"
"06/03/2022","451.00","450.00","451.00","450.00","126.09K","0.45%"
"06/02/2022","449.00","440.15","449.00","440.15","19.80K","2.01%"
"06/01/2022","440.15","436.50","443.00","436.50","5.18K","0.84%"
"05/31/2022","436.50","435.90","440.00","435.00","29.82K","0.34%"
"05/30/2022","435.00","440.00","440.00","435.00","4.49K","-0.23%"
"05/27/2022","436.00","438.50","440.00","435.10","45.92K","-0.91%"
"05/26/2022","440.00","437.00","441.00","437.00","0.57K","0.80%"
"05/25/2022","436.50","445.95","445.95","436.50","13.98K","-0.80%"
"05/24/2022","440.00","445.50","450.00","440.00","19.88K","-1.38%"
"05/23/2022","446.15","454.00","454.00","445.10","7.21K","-0.86%"
"05/20/2022","450.00","450.00","450.00","446.00","103.25K","0.00%"
"05/19/2022","450.00","446.60","450.00","446.60","46.67K","0.90%"
"05/18/2022","446.00","450.00","450.00","446.00","3.48K","-0.89%"
"05/17/2022","450.00","454.00","454.00","449.95","3.08K","0.45%"
"05/16/2022","448.00","446.00","448.00","445.00","13.86K","0.67%"
"05/13/2022","445.00","441.00","450.00","440.25","16.19K","1.14%"
"05/12/2022","440.00","450.00","450.00","440.00","22.68K","-1.35%"
"05/11/2022","446.00","445.00","450.00","445.00","13.49K","0.22%"
"05/10/2022","445.00","460.00","460.00","445.00","24.09K","-2.20%"
"05/09/2022","455.00","462.50","462.50","455.00","26.40K","-1.62%"
"05/06/2022","462.50","462.00","462.50","462.00","1.23K","-0.54%"
"05/05/2022","465.00","463.00","465.00","463.00","10.88K","0.40%"
"05/04/2022","463.15","463.00","465.00","463.00","0.73K","-0.41%"
"04/29/2022","465.05","466.85","466.85","463.35","16.10K","0.66%"
"04/28/2022","462.00","461.00","463.00","461.00","1.63K","-0.32%"
"04/27/2022","463.50","460.05","463.50","460.05","1.31K","0.30%"
"04/26/2022","462.10","465.05","466.00","462.10","32.09K","-1.26%"
"04/25/2022","468.00","465.05","468.00","465.05","10.02K","0.00%"
"04/22/2022","468.00","465.05","468.00","465.05","10.84K","0.41%"
"04/21/2022","466.10","466.00","466.50","466.00","3.69K","-0.62%"
"04/20/2022","469.00","463.70","469.50","463.70","9.31K","0.00%"
"04/19/2022","469.00","468.00","469.00","466.10","27.21K","-0.11%"
"04/18/2022","469.50","470.00","470.00","465.00","3.22K","-0.11%"
"04/15/2022","470.00","467.00","470.00","460.00","143.77K","1.27%"
"04/14/2022","464.10","464.00","466.00","463.55","10.38K","0.02%"
"04/13/2022","464.00","465.00","468.00","464.00","5.00K","-0.24%"
"04/12/2022","465.10","464.15","465.10","464.15","10.01K","-0.19%"
"04/11/2022","466.00","466.00","466.00","464.20","0.65K","-0.43%"
"04/08/2022","468.00","465.15","469.95","464.00","55.79K","-0.21%"
"04/07/2022","469.00","461.00","469.00","461.00","27.04K","0.87%"
"04/06/2022","464.95","460.10","464.95","460.10","1.19K","0.10%"
"04/05/2022","464.50","460.20","464.50","460.00","39.33K","0.54%"
"04/04/2022","462.00","462.95","462.95","456.00","39.23K","0.43%"
"04/01/2022","460.00","460.00","465.00","460.00","22.50K","0.00%"
"03/31/2022","460.00","460.00","461.00","455.00","3.12K","-0.01%"
"03/30/2022","460.05","452.05","460.05","452.05","43.62K","1.11%"
"03/29/2022","455.00","448.00","455.00","448.00","19.44K","1.65%"
"03/28/2022","447.60","444.00","450.00","444.00","24.48K","0.49%"
"03/25/2022","445.40","446.00","464.50","445.40","26.86K","0.72%"
"03/24/2022","442.20","444.00","449.00","442.20","34.90K","-0.41%"
"03/23/2022","444.00","459.00","459.00","444.00","18.28K","-3.27%"
"03/22/2022","459.00","461.00","468.00","459.00","7.37K","-0.43%"
"03/21/2022","461.00","463.00","463.00","460.00","5.50K","-0.65%"
"03/18/2022","464.00","473.00","473.00","464.00","47.74K","-2.92%"
"03/17/2022","477.95","455.10","477.95","455.10","15.55K","4.13%"
"03/16/2022","459.00","457.00","459.00","453.50","16.58K","1.55%"
"03/15/2022","452.00","457.95","458.00","451.00","17.21K","0.00%"
"03/14/2022","452.00","451.50","452.00","450.00","1.05K","0.44%"
"03/11/2022","450.00","446.00","459.00","446.00","42.21K","0.00%"
"03/10/2022","450.00","465.00","465.00","450.00","25.56K","-2.17%"
"03/09/2022","460.00","463.00","471.00","458.00","24.87K","1.10%"
"03/08/2022","455.00","440.15","456.00","440.15","59.43K","4.36%"
"03/07/2022","436.00","452.00","462.00","432.00","25.47K","-4.18%"
"03/04/2022","455.00","458.20","461.00","455.00","85.61K","-0.56%"
"03/03/2022","457.55","466.15","466.15","456.55","40.98K","-2.65%"
"03/02/2022","470.00","470.00","472.00","466.00","33.62K","0.00%"
"03/01/2022","470.00","470.65","473.00","470.00","6.32K","-0.20%"
"02/28/2022","470.95","474.95","477.00","470.50","12.40K","-0.43%"
"02/25/2022","473.00","461.50","479.90","461.05","6.85K","3.90%"
"02/24/2022","455.25","480.00","483.00","455.25","143.81K","-5.17%"
"02/23/2022","480.05","478.00","482.00","476.00","413.11K","0.43%"
"02/22/2022","478.00","482.00","482.00","477.10","59.25K","-1.09%"
"02/21/2022","483.25","482.05","483.25","482.05","26.71K","-0.34%"
"02/18/2022","484.90","481.00","484.90","481.00","14.38K","0.66%"
"02/17/2022","481.70","480.60","481.70","480.60","4.92K","0.23%"
"02/16/2022","480.60","479.50","485.00","479.50","13.90K","0.13%"
"02/15/2022","480.00","483.00","487.00","479.10","673.83K","-2.01%"
"02/14/2022","489.85","492.00","493.00","480.00","70.32K","-0.64%"
"02/11/2022","493.00","493.00","494.05","493.00","16.40K","0.00%"
"02/10/2022","493.00","491.05","495.00","491.05","15.07K","0.38%"
"02/09/2022","491.15","494.00","494.00","491.15","17.67K","-0.79%"
"02/08/2022","495.05","496.00","496.00","494.60","7.59K","0.00%"
"02/07/2022","495.05","496.50","498.00","495.05","45.83K","-0.55%"
"02/04/2022","497.80","496.00","498.00","495.60","35.19K","-0.04%"
"02/03/2022","498.00","494.95","498.95","494.95","86.62K","0.55%"
"02/02/2022","495.30","493.15","495.30","493.15","45.59K","0.24%"
"02/01/2022","494.10","491.75","494.10","491.75","9.36K","0.21%"
"01/31/2022","493.05","492.00","493.05","491.50","14.55K","-0.17%"
"01/28/2022","493.90","491.55","493.90","491.55","11.89K","-0.12%"
"01/27/2022","494.50","491.60","494.50","491.60","52.32K","0.56%"
"01/26/2022","491.75","491.60","492.00","491.60","4.46K","-0.09%"
"01/25/2022","492.20","492.20","495.00","491.50","50.24K","0.04%"
"01/24/2022","492.00","492.00","492.00","491.00","9.91K","-0.61%"
"01/21/2022","495.00","492.00","495.00","492.00","124.18K","0.60%"
"01/20/2022","492.05","492.00","494.80","490.50","12.64K","-0.03%"
"01/19/2022","492.20","491.10","497.00","491.10","10.38K","-0.57%"
"01/18/2022","495.00","495.30","498.00","495.00","58.75K","0.00%"
"01/17/2022","495.00","495.05","496.00","495.00","36.87K","-0.60%"
"01/14/2022","498.00","490.70","498.00","490.70","137.08K","1.51%"
"01/13/2022","490.60","490.10","491.00","487.10","17.06K","-0.08%"
"01/12/2022","491.00","490.30","491.00","489.00","29.69K","0.00%"
"01/10/2022","491.00","490.05","491.00","486.05","14.00K","0.20%"
"01/07/2022","490.00","486.05","492.00","485.05","50.51K","0.82%"
"01/06/2022","486.00","482.60","486.00","482.60","187.51K","0.81%"
"01/05/2022","482.10","481.05","483.90","481.00","32.60K","0.31%"
"01/04/2022","480.60","480.60","480.60","480.15","21.01K","0.02%"
"01/03/2022","480.50","480.05","485.00","480.05","15.26K","-1.33%"
"12/31/2021","487.00","483.00","489.00","483.00","196.61K","0.00%"
"12/30/2021","487.00","483.00","487.00","481.00","31.81K","0.41%"
"12/29/2021","485.00","483.05","485.00","483.00","27.24K","0.41%"
"12/28/2021","483.00","476.00","483.00","476.00","6.94M","0.64%"
"12/27/2021","479.95","472.00","480.00","472.00","56.93K","-0.01%"
"12/24/2021","480.00","480.00","480.00","477.25","9.35K","0.00%"
"12/23/2021","480.00","480.00","480.00","475.00","1.16K","0.73%"
"12/22/2021","476.50","476.00","479.90","476.00","11.72K","-0.73%"
"12/21/2021","480.00","478.50","483.00","478.50","37.99K","0.41%"
"12/20/2021","478.05","482.90","482.90","476.00","3.77K","-1.02%"
"12/17/2021","483.00","481.50","483.00","477.00","39.86K","0.00%"
"12/16/2021","483.00","485.00","487.50","483.00","26.95K","0.08%"
"12/15/2021","482.60","482.10","482.60","481.50","18.74K","-0.19%"
"12/14/2021","483.50","483.50","486.00","483.50","26.76K","0.29%"
"12/13/2021","482.10","484.00","489.00","482.10","179.95K","-1.01%"
"12/10/2021","487.00","487.00","489.00","487.00","116.65K","0.00%"
"12/09/2021","487.00","485.00","487.00","485.00","5.68K","0.00%"
"12/08/2021","487.00","490.00","490.00","480.20","13.35K","0.41%"
"12/07/2021","485.00","478.00","490.00","478.00","13.41K","0.94%"
"12/06/2021","480.50","487.00","487.00","480.00","45.11K","-1.52%"
"12/03/2021","487.90","480.00","487.90","480.00","12.96K","0.39%"
"12/02/2021","486.00","479.50","486.00","479.50","26.86K","1.25%"
"12/01/2021","480.00","473.15","480.00","473.15","15.82K","1.48%"
"11/30/2021","473.00","470.70","475.00","470.70","111.95K","-0.21%"
"11/29/2021","474.00","461.00","474.95","461.00","29.81K","-1.25%"
"11/26/2021","480.00","488.00","488.00","480.00","43.28K","-1.53%"
"11/25/2021","487.45","487.00","489.00","487.00","4.36K","-0.32%"
"11/24/2021","489.00","487.20","489.00","487.00","6.56K","0.41%"
"11/23/2021","487.00","486.00","487.00","485.00","27.54K","0.00%"
"11/22/2021","487.00","490.00","490.00","486.00","10.83K","-0.06%"
"11/19/2021","487.30","485.10","487.30","485.05","12.08K","0.86%"
"11/17/2021","483.15","481.70","485.05","481.70","45.18K","0.43%"
"11/16/2021","481.10","485.55","486.00","481.10","7.83K","-0.70%"
"11/15/2021","484.50","484.50","484.50","484.50","7.64K","-0.72%"
"11/12/2021","488.00","490.00","490.00","488.00","27.41K","0.00%"
"11/11/2021","488.00","486.00","490.00","486.00","16.27K","-0.41%"
"11/10/2021","490.00","492.00","498.00","490.00","9.02K","-0.21%"
"11/09/2021","491.05","491.00","499.00","491.00","3.63K","0.11%"
"11/08/2021","490.50","500.00","500.00","490.20","0.23K","0.00%"
"11/05/2021","490.50","496.10","500.00","490.50","32.90K","-1.21%"
"11/04/2021","496.50","500.10","500.10","496.50","23.17K","-0.50%"
"11/03/2021","499.00","497.00","505.00","497.00","29.93K","0.08%"
"11/02/2021","498.60","500.00","500.00","497.00","8.54K","0.29%"
"11/01/2021","497.15","507.90","507.90","496.00","28.02K","1.43%"
"10/29/2021","490.15","507.00","508.00","490.15","97.76K","-3.32%"
"10/28/2021","507.00","500.00","509.50","500.00","91.72K","0.40%"
"10/27/2021","505.00","500.00","509.00","500.00","40.66K","-0.98%"
"10/26/2021","510.00","498.00","510.00","498.00","119.11K","2.41%"
"10/25/2021","498.00","491.60","498.00","491.60","29.38K","0.61%"
"10/22/2021","495.00","491.10","496.50","491.10","26.81K","-0.01%"
"10/21/2021","495.05","490.05","497.00","490.05","14.26K","0.01%"
"10/18/2021","495.00","492.25","495.00","492.25","4.50K","0.51%"
"10/15/2021","492.50","494.50","495.00","490.10","51.22K","-0.40%"
"10/14/2021","494.50","490.00","494.50","490.00","68.55K","0.90%"
"10/13/2021","490.10","490.00","490.10","485.00","27.63K","0.22%"
"10/12/2021","489.00","489.00","489.00","489.00","0.01K","0.00%"
"10/11/2021","489.00","491.00","491.10","489.00","15.36K","-1.21%"
"10/08/2021","495.00","487.00","495.00","486.25","35.31K","1.82%"
"10/07/2021","486.15","485.60","486.15","485.60","37.63K","0.03%"
"10/06/2021","486.00","487.55","488.00","486.00","30.89K","-0.32%"
"10/05/2021","487.55","488.05","489.00","487.55","4.92K","-0.50%"
"10/04/2021","490.00","488.25","490.00","488.05","15.96K","-0.39%"
"10/01/2021","491.90","488.00","491.90","488.00","38.86K","-0.63%"
"09/30/2021","495.00","490.20","495.00","490.15","12.02K","0.20%"
"09/29/2021","494.00","490.00","494.00","490.00","30.01K","0.41%"
"09/28/2021","492.00","485.05","492.00","485.00","12.08K","0.51%"
"09/27/2021","489.50","492.00","492.00","486.00","37.31K","0.31%"
"09/24/2021","488.00","485.10","499.00","485.10","128.72K","0.00%"
"09/23/2021","488.00","481.00","488.00","481.00","49.70K","1.65%"
"09/22/2021","480.10","480.00","480.10","478.10","31.16K","0.02%"
"09/21/2021","480.00","478.00","480.00","475.50","32.31K","0.31%"
"09/20/2021","478.50","480.00","480.00","478.00","84.06K","-1.30%"
"09/17/2021","484.80","475.10","484.80","475.10","28.34K","1.62%"
"09/16/2021","477.05","475.00","477.05","475.00","18.62K","0.01%"
"09/15/2021","477.00","474.60","477.00","474.00","18.95K","0.10%"
"09/14/2021","476.50","473.60","476.50","473.60","18.30K","0.31%"
"09/13/2021","475.05","482.90","482.90","473.25","28.37K","0.01%"
"09/10/2021","475.00","484.00","484.00","475.00","56.05K","-1.86%"
"09/09/2021","484.00","471.05","484.00","471.05","209.21K","2.54%"
"09/08/2021","472.00","470.65","472.00","470.65","20.62K","0.37%"
"09/07/2021","470.25","470.05","473.00","470.05","11.61K","-0.37%"
"09/06/2021","472.00","473.90","474.00","468.10","23.04K","-0.41%"
"09/03/2021","473.95","468.00","474.00","468.00","29.64K","1.27%"
"09/02/2021","468.00","468.00","468.00","466.00","3.21K","-0.21%"
"09/01/2021","469.00","468.00","470.00","468.00","6.69K","-0.21%"
"08/31/2021","470.00","472.00","475.00","469.00","61.95K","-1.67%"
"08/30/2021","478.00","470.50","479.90","470.50","13.03K","0.42%"
"08/27/2021","476.00","469.00","476.00","469.00","43.52K","1.28%"
"08/26/2021","470.00","470.00","470.00","468.00","46.86K","0.64%"
"08/25/2021","467.00","465.20","467.00","465.20","2.69K","-0.64%"
"08/24/2021","470.00","465.00","474.00","465.00","7.33K","0.00%"
"08/23/2021","470.00","463.05","470.00","463.05","20.89K","1.05%"
"08/19/2021","465.10","465.00","470.00","465.00","11.40K","-0.41%"
"08/18/2021","467.00","467.90","467.90","466.50","30.24K","-0.19%"
"08/17/2021","467.90","466.00","467.90","466.00","12.34K","-0.02%"
"08/16/2021","468.00","463.00","469.00","463.00","13.66K","-0.21%"
"08/13/2021","469.00","461.05","469.00","461.05","53.72K","0.85%"
"08/12/2021","465.05","465.65","465.65","465.00","10.14K","-0.63%"
"08/11/2021","468.00","462.00","469.00","462.00","55.66K","1.30%"
"08/09/2021","462.00","459.20","462.00","459.20","0.21K","-0.65%"
"08/06/2021","465.00","461.10","465.00","461.10","93.62K","0.22%"
"08/05/2021","464.00","462.85","464.00","461.00","25.26K","0.75%"
"08/04/2021","460.55","463.30","463.30","459.00","12.07K","0.12%"
"08/03/2021","460.00","463.90","464.00","457.10","78.65K","-0.86%"
"08/02/2021","464.00","451.90","464.00","451.90","20.40K","3.11%"
"07/29/2021","450.00","447.00","450.00","447.00","2.65K","1.42%"
"07/28/2021","443.70","445.50","447.00","441.70","5.30K","-0.35%"
"07/27/2021","445.25","443.00","445.25","443.00","46.07K","0.58%"
"07/26/2021","442.70","441.00","442.70","441.00","1.85K","0.05%"
"07/23/2021","442.50","442.00","442.50","442.00","17.20K","0.57%"
"07/20/2021","440.00","443.00","443.00","440.00","13.01K","-0.59%"
"07/19/2021","442.60","442.10","443.00","442.10","14.27K","0.11%"
"07/16/2021","442.10","441.05","443.80","441.00","33.34K","0.24%"
"07/15/2021","441.05","442.00","442.00","440.00","33.64K","0.10%"
"07/14/2021","440.60","440.10","444.70","440.10","34.70K","-0.09%"
"07/13/2021","441.00","443.00","443.00","440.05","4.12K","-0.90%"
"07/12/2021","445.00","440.45","445.00","440.45","15.56K","-0.16%"
"07/09/2021","445.70","444.00","445.70","440.15","36.69K","0.17%"
"07/08/2021","444.95","446.00","446.00","444.95","11.71K","-0.24%"
"07/07/2021","446.00","442.00","450.00","440.00","28.88K","1.36%"
"07/06/2021","440.00","437.50","447.00","437.50","18.22K","-0.45%"
"07/05/2021","442.00","449.00","449.00","439.00","46.93K","-3.91%"
"07/02/2021","460.00","459.50","460.00","457.00","38.04K","-0.43%"
"07/01/2021","462.00","453.20","464.95","453.20","98.44K","0.65%"
"06/30/2021","459.00","459.80","459.80","458.10","1.49M","-0.17%"
"06/29/2021","459.80","455.10","461.00","455.10","13.82K","-0.26%"
"06/28/2021","461.00","460.00","461.00","455.00","0.85K","0.22%"
"06/25/2021","460.00","460.00","463.90","450.05","270.72K","-0.22%"
"06/24/2021","461.00","463.10","463.15","461.00","23.39K","-0.43%"
"06/23/2021","463.00","464.50","466.00","462.00","5.40K","-0.32%"
"06/22/2021","464.50","463.90","467.00","463.00","36.92K","0.00%"
"06/21/2021","464.50","465.00","465.00","462.10","8.29K","0.52%"
"06/18/2021","462.10","461.30","462.10","461.00","58.08K","0.17%"
"06/17/2021","461.30","462.00","462.00","460.20","16.51K","0.00%"
"06/16/2021","461.30","463.90","463.90","460.00","54.58K","-0.55%"
"06/15/2021","463.85","465.05","469.00","463.85","71.71K","-0.67%"
"06/14/2021","467.00","464.80","467.00","463.00","33.85K","0.95%"
"06/11/2021","462.60","462.00","465.00","460.00","56.16K","-0.33%"
"06/10/2021","464.15","462.50","464.15","461.05","46.44K","0.47%"
"06/09/2021","462.00","461.50","465.00","461.50","126.30K","-0.65%"
"06/08/2021","465.00","461.50","465.00","461.00","40.60K","0.43%"
"06/07/2021","463.00","462.00","465.00","460.50","8.28K","0.11%"
"06/04/2021","462.50","466.00","466.00","460.05","33.48K","-0.55%"
"06/03/2021","465.05","459.90","465.05","459.90","39.80K","1.21%"
"06/02/2021","459.50","454.00","459.50","454.00","20.33K","-0.04%"
"06/01/2021","459.70","452.55","459.70","452.55","24.57K","1.26%"
"05/31/2021","454.00","452.15","456.00","452.15","5.71K","-0.85%"
"05/28/2021","457.90","450.00","457.90","448.00","62.25K","1.17%"
"05/27/2021","452.60","452.00","453.90","450.00","39.04K","-0.53%"
"05/26/2021","455.00","451.10","455.95","451.00","0.67K","0.83%"
"05/25/2021","451.25","451.70","457.00","451.25","7.19K","-0.95%"
"05/24/2021","455.60","457.90","457.90","455.50","13.71K","-0.09%"
"05/21/2021","456.00","452.30","456.00","451.00","23.97K","1.11%"
"05/20/2021","451.00","460.00","460.00","451.00","26.22K","-2.22%"
"05/19/2021","461.25","451.00","463.00","451.00","26.67K","1.15%"
"05/18/2021","456.00","451.00","463.90","451.00","19.56K","0.42%"
"05/17/2021","454.10","448.00","456.00","448.00","165.99K","1.80%"
"05/12/2021","446.05","445.00","446.90","445.00","65.59K","0.12%"
"05/11/2021","445.50","446.00","447.00","445.00","21.92K","-0.36%"
"05/10/2021","447.10","446.00","447.50","446.00","14.44K","0.06%"
"05/07/2021","446.85","445.20","446.85","445.20","85.48K","0.40%"
"05/06/2021","445.05","441.00","446.00","441.00","64.31K","1.32%"
"05/05/2021","439.25","439.00","439.50","439.00","27.95K","0.75%"
"05/04/2021","436.00","434.50","437.00","434.50","56.79K","0.45%"
"05/03/2021","434.05","430.00","434.05","430.00","66.43K","0.94%"
"04/30/2021","430.00","429.00","430.00","428.00","52.94K","0.35%"
"04/29/2021","428.50","429.00","429.50","428.50","25.48K","-0.12%"
"04/28/2021","429.00","428.95","429.00","426.05","44.64K","0.23%"
"04/27/2021","428.00","427.25","428.00","427.25","19.97K","-0.23%"
"04/26/2021","429.00","427.05","429.00","427.05","71.38K","-0.21%"
"04/23/2021","429.90","427.15","429.90","427.15","22.30K","0.92%"
"04/22/2021","426.00","426.15","426.15","426.00","3.23K","0.00%"
"04/21/2021","426.00","428.00","429.00","426.00","80.51K","-0.70%"
"04/20/2021","429.00","426.00","429.50","426.00","46.77K","0.70%"
"04/19/2021","426.00","425.00","427.00","425.00","20.75K","-0.23%"
"04/16/2021","427.00","425.00","427.00","421.00","37.10K","0.71%"
"04/15/2021","424.00","429.80","429.80","423.00","0.30K","-0.47%"
"04/14/2021","426.00","425.50","426.00","425.05","21.51K","0.24%"
"04/13/2021","425.00","426.00","429.00","425.00","2.44K","-0.47%"
"04/12/2021","427.00","423.00","427.00","423.00","0.57K","0.47%"
"04/09/2021","425.00","420.30","425.00","420.30","11.76K","0.24%"
"04/08/2021","424.00","423.20","424.00","423.00","11.26K","-0.24%"
"04/07/2021","425.00","425.00","425.00","423.35","5.54K","0.00%"
"04/06/2021","425.00","427.00","430.00","425.00","20.67K","-0.47%"
"04/05/2021","427.00","426.00","427.00","425.10","15.04K","-0.91%"
"04/02/2021","430.90","431.00","431.00","425.00","8.87K","0.21%"
"04/01/2021","430.00","426.15","430.00","425.00","68.08K","2.05%"
"03/31/2021","421.35","420.00","421.35","420.00","10.93K","-1.09%"
"03/30/2021","426.00","420.05","426.00","420.00","8.49K","1.43%"
"03/29/2021","420.00","420.00","420.00","420.00","50.79K","0.00%"
"03/26/2021","420.00","417.00","420.00","416.00","65.87K","0.48%"
"03/25/2021","418.00","416.05","418.00","415.05","16.50K","0.59%"
"03/24/2021","415.55","415.00","415.55","414.00","3.46K","0.13%"
"03/23/2021","415.00","418.00","418.00","415.00","40.78K","-0.72%"
"03/22/2021","418.00","415.15","418.00","415.15","15.33K","-0.21%"
"03/19/2021","418.90","420.00","420.00","418.90","19.77K","0.93%"
"03/18/2021","415.05","423.75","423.75","415.05","138.77K","-1.88%"
"03/17/2021","423.00","421.00","423.70","421.00","65.43K","0.49%"
"03/16/2021","420.95","417.60","420.95","417.50","19.02K","0.56%"
"03/15/2021","418.60","419.00","421.00","418.00","2.74K","-0.57%"
"03/12/2021","421.00","424.00","424.00","421.00","36.41K","0.43%"
"03/11/2021","419.20","419.00","419.20","419.00","11.23K","-0.07%"
"03/10/2021","419.50","419.50","419.50","417.00","11.28K","0.00%"
"03/09/2021","419.50","419.50","419.80","416.00","9.47K","0.60%"
"03/08/2021","417.00","419.00","420.00","416.50","15.24K","-0.48%"
"03/05/2021","419.00","421.00","421.00","419.00","17.32K","0.00%"
"03/04/2021","419.00","416.05","421.00","416.05","18.61K","-0.24%"
"03/03/2021","420.00","422.00","422.00","420.00","22.00K","-0.26%"
"03/02/2021","421.10","425.00","425.00","421.10","8.05K","-0.92%"
"03/01/2021","425.00","420.30","425.00","420.00","0.09K","1.07%"
"02/26/2021","420.50","418.00","426.00","418.00","95.55K","0.60%"
"02/25/2021","418.00","411.00","418.00","406.75","32.18K","0.72%"
"02/24/2021","415.00","420.00","420.00","405.50","46.45K","-1.20%"
"02/23/2021","420.05","421.00","424.00","420.05","12.06K","-1.07%"
"02/22/2021","424.60","429.70","429.70","423.10","22.66K","-0.23%"
"02/19/2021","425.60","425.50","429.60","425.50","12.84K","-0.95%"
"02/18/2021","429.70","430.00","430.00","426.10","0.79K","1.08%"
"02/17/2021","425.10","428.60","431.00","425.10","80.63K","-0.82%"
"02/16/2021","428.60","428.95","428.95","428.60","2.06K","0.82%"
"02/15/2021","425.10","434.00","434.00","425.10","7.48K","-0.65%"
"02/12/2021","427.90","430.00","435.00","427.90","5.36K","0.33%"
"02/11/2021","426.50","425.00","426.50","420.00","23.75K","0.83%"
"02/10/2021","423.00","431.00","431.00","421.10","32.19K","-1.86%"
"02/09/2021","431.00","433.80","434.00","431.00","123.28K","-0.60%"
"02/08/2021","433.60","438.00","438.00","433.60","52.01K","-0.21%"
"02/05/2021","434.50","438.95","438.95","433.10","18.59K","-0.38%"
"02/04/2021","436.15","436.85","439.00","436.00","5.42K","-0.65%"
"02/03/2021","439.00","440.00","440.00","439.00","17.40K","-0.23%"
"02/02/2021","440.00","437.95","440.95","437.50","21.06K","0.47%"
"02/01/2021","437.95","435.50","437.95","434.95","11.88K","0.42%"
"01/29/2021","436.10","435.95","441.75","435.50","35.04K","0.09%"
"01/28/2021","435.70","442.00","442.00","435.10","14.48K","-1.20%"
"01/27/2021","441.00","442.00","442.05","440.00","14.15K","-0.23%"
"01/26/2021","442.00","445.00","445.00","442.00","38.91K","-0.67%"
"01/25/2021","445.00","437.00","445.00","435.00","36.77K","1.83%"
"01/22/2021","437.00","435.00","437.00","435.00","50.27K","0.40%"
"01/21/2021","435.25","433.90","436.90","432.60","60.50K","0.29%"
"01/20/2021","434.00","430.60","435.50","430.05","21.23K","0.00%"
"01/19/2021","434.00","437.00","437.00","430.05","46.69K","-0.69%"
"01/18/2021","437.00","434.75","439.00","432.15","70.29K","1.15%"
"01/15/2021","432.05","428.00","432.05","428.00","88.75K","1.17%"
"01/14/2021","427.05","424.00","427.50","424.00","46.34K","0.72%"
"01/13/2021","424.00","422.00","424.00","420.00","7.50K","0.01%"
"01/12/2021","423.95","424.00","425.00","422.00","71.61K","0.94%"
"01/08/2021","420.00","429.40","429.40","420.00","27.70K","-0.94%"
"01/07/2021","424.00","424.80","426.00","423.00","63.98K","0.95%"
"01/06/2021","420.00","421.00","425.00","418.10","18.49K","-0.94%"
"01/05/2021","424.00","427.80","427.80","424.00","4.43K","-1.40%"
"01/04/2021","430.00","429.95","430.00","423.60","28.47K","1.59%"
"12/31/2020","423.25","422.00","428.85","422.00","18.79K","-1.57%"
"12/30/2020","430.00","429.10","432.00","429.10","107.23K","0.00%"
"12/29/2020","430.00","432.40","432.40","429.10","56.37K","0.23%"
"12/28/2020","429.00","428.00","434.00","428.00","647.02K","0.47%"
"12/25/2020","427.00","427.50","428.00","425.50","86.81K","-0.23%"
"12/24/2020","428.00","434.75","434.75","428.00","59.92K","-0.95%"
"12/23/2020","432.10","431.00","435.95","427.10","32.19K","0.73%"
"12/22/2020","428.95","419.50","430.00","412.00","143.39K","2.24%"
"12/21/2020","419.55","428.00","428.00","419.55","81.20K","-3.99%"
"12/18/2020","437.00","441.00","441.00","437.00","67.77K","-0.67%"
"12/17/2020","439.95","436.00","441.00","436.00","55.85K","0.91%"
"12/16/2020","436.00","426.50","436.00","426.20","97.92K","2.32%"
"12/15/2020","426.10","425.10","427.00","425.05","56.55K","0.25%"
"12/14/2020","425.05","427.90","430.00","425.05","27.83K","-0.48%"
"12/11/2020","427.10","421.00","428.00","420.85","140.96K","2.92%"
"12/10/2020","415.00","418.00","420.00","415.00","18.86K","-0.69%"
"12/09/2020","417.90","417.50","422.00","417.00","143.55K","0.60%"
"12/08/2020","415.40","412.95","417.00","412.95","10.19K","0.83%"
"12/07/2020","412.00","412.75","412.75","412.00","3.40K","0.50%"
"12/04/2020","409.95","410.00","411.00","408.00","23.56K","0.72%"
"12/03/2020","407.00","410.00","410.00","406.00","132.90K","0.35%"
"12/02/2020","405.60","409.50","409.50","405.25","81.54K","-0.10%"
"12/01/2020","406.00","404.00","411.90","404.00","3.75K","-0.98%"
"11/30/2020","410.00","400.50","410.00","400.50","98.05K","1.74%"
"11/27/2020","403.00","410.05","411.80","403.00","13.94K","-1.71%"
"11/26/2020","410.00","417.90","418.00","410.00","9.10K","-1.68%"
"11/25/2020","417.00","411.00","418.90","411.00","109.68K","1.48%"
"11/24/2020","410.90","411.90","411.90","408.25","22.63K","1.06%"
"11/23/2020","406.60","411.00","413.00","406.60","8.03K","-0.02%"
"11/20/2020","406.70","410.65","410.65","405.00","162.44K","2.99%"
"11/19/2020","394.90","390.40","397.90","390.40","44.77K","-0.28%"
"11/17/2020","396.00","395.15","399.00","395.15","48.92K","0.23%"
"11/16/2020","395.10","391.90","397.00","389.00","96.42K","1.31%"
"11/13/2020","390.00","385.55","394.00","385.55","100.64K","1.27%"
"11/12/2020","385.10","385.05","387.95","381.00","20.06K","0.03%"
"11/11/2020","385.00","389.90","389.90","384.00","20.42K","-0.52%"
"11/10/2020","387.00","389.00","392.00","386.10","64.38K","0.52%"
"11/09/2020","385.00","375.15","386.00","375.15","129.20K","2.52%"
"11/05/2020","375.55","376.00","377.00","375.00","9.28K","0.05%"
"11/04/2020","375.35","375.05","376.00","375.05","25.51K","-0.17%"
"11/03/2020","376.00","375.80","376.00","375.10","27.07K","0.05%"
"11/02/2020","375.80","377.00","377.90","374.00","10.89K","-0.58%"
"10/28/2020","378.00","375.20","379.50","374.55","52.21K","-0.07%"
"10/27/2020","378.25","376.60","380.00","376.60","16.10K","0.07%"
"10/26/2020","378.00","378.00","383.00","378.00","4.39K","-0.51%"
"10/23/2020","379.95","379.95","380.00","377.00","33.65K","0.77%"
"10/22/2020","377.05","373.00","380.00","373.00","21.92K","0.55%"
"10/21/2020","375.00","372.00","375.50","371.10","2.98K","1.08%"
"10/20/2020","371.00","370.65","371.00","370.05","2.54K","0.09%"
"10/19/2020","370.65","374.00","374.00","370.65","16.51K","-0.90%"
"10/16/2020","374.00","380.90","380.90","374.00","29.58K","-1.32%"
"10/15/2020","379.00","385.00","385.00","376.50","44.27K","-1.46%"
"10/14/2020","384.60","372.50","385.95","372.50","86.65K","3.36%"
"10/13/2020","372.10","370.00","372.10","369.00","18.17K","1.25%"
"10/12/2020","367.50","371.00","371.00","367.50","1.01K","0.16%"
"10/09/2020","366.90","367.10","367.20","366.00","680.70K","-0.84%"
"10/08/2020","370.00","371.00","371.50","367.00","3.53K","-0.40%"
"10/07/2020","371.50","370.00","372.00","370.00","59.50K","0.68%"
"10/06/2020","369.00","362.00","369.00","362.00","57.68K","2.16%"
"10/05/2020","361.20","358.00","363.00","358.00","66.88K","1.32%"
"10/02/2020","356.50","357.75","357.75","355.05","5.41K","-0.14%"
"10/01/2020","357.00","357.00","357.00","357.00","25.04K","-0.20%"
"09/30/2020","357.70","353.60","358.00","352.00","0.61K","1.19%"
"09/29/2020","353.50","355.00","358.00","353.50","5.41K","-0.42%"
"09/28/2020","355.00","352.00","355.00","351.50","0.52K","0.85%"
"09/25/2020","352.00","350.00","355.00","350.00","18.00K","0.57%"
"09/24/2020","350.00","351.00","356.00","350.00","94.70K","-2.74%"
"09/23/2020","359.85","362.00","362.00","359.85","31.75K","-0.04%"
"09/22/2020","360.00","363.00","363.00","356.60","27.20K","0.00%"
"09/21/2020","360.00","363.00","363.00","360.00","21.31K","0.53%"
"09/18/2020","358.10","357.00","360.00","357.00","13.15K","0.84%"
"09/17/2020","355.10","358.00","359.00","354.00","9.35K","-0.48%"
"09/16/2020","356.80","360.00","363.00","355.90","10.05K","-0.86%"
"09/15/2020","359.90","370.00","370.00","359.90","26.48K","-1.67%"
"09/14/2020","366.00","369.00","369.00","365.00","42.18K","-1.07%"
"09/11/2020","369.95","372.00","372.00","367.05","49.06K","0.53%"
"09/10/2020","368.00","364.00","369.00","364.00","29.49K","1.10%"
"09/09/2020","364.00","363.50","367.90","363.00","1.15K","0.23%"
"09/08/2020","363.15","361.10","365.05","361.10","1.16K","-1.59%"
"09/07/2020","369.00","365.00","369.00","362.00","1.83K","1.14%"
"09/04/2020","364.85","369.50","369.50","364.85","22.26K","-1.12%"
"09/03/2020","369.00","369.00","370.00","366.00","0.94K","0.24%"
"09/02/2020","368.10","371.00","377.00","367.20","9.57K","-0.75%"
"09/01/2020","370.90","358.05","370.90","358.05","23.57K","4.00%"
"08/31/2020","356.65","355.00","359.95","352.00","47.21K","0.41%"
"08/28/2020","355.20","361.00","361.00","353.00","65.14K","-1.36%"
"08/27/2020","360.10","370.05","371.00","360.10","34.99K","-3.22%"
"08/26/2020","372.10","375.00","377.00","371.00","5.80K","-0.77%"
"08/25/2020","375.00","378.60","380.00","374.95","22.06K","-0.95%"
"08/24/2020","378.60","384.95","384.95","375.00","28.08K","-1.28%"
"08/19/2020","383.50","382.55","383.55","382.55","3.62K","-0.26%"
"08/18/2020","384.50","387.75","387.75","382.05","2.97K","-0.13%"
"08/17/2020","385.00","387.90","387.90","383.10","23.69K","-0.54%"
"08/13/2020","387.10","389.00","389.00","386.00","30.83K","-0.49%"
"08/12/2020","389.00","381.15","389.00","381.15","41.77K","2.06%"
"08/11/2020","381.15","384.95","384.95","381.05","56.51K","0.04%"
"08/10/2020","381.00","377.00","384.90","377.00","18.38K","1.33%"
"08/07/2020","376.00","375.00","376.95","371.00","22.18K","0.31%"
"08/06/2020","374.85","374.50","375.00","374.00","8.85K","0.98%"
"08/05/2020","371.20","369.00","374.00","369.00","15.36K","0.32%"
"08/04/2020","370.00","368.90","370.00","366.00","18.62K","1.34%"
"08/03/2020","365.10","369.00","369.00","365.10","21.83K","-1.06%"
"07/29/2020","369.00","365.15","369.00","365.10","48.62K","-0.24%"
"07/28/2020","369.90","362.00","369.90","362.00","8.85K","2.18%"
"07/27/2020","362.00","358.00","362.00","355.50","72.44K","1.12%"
"07/24/2020","358.00","355.05","358.00","355.05","41.89K","0.70%"
"07/23/2020","355.50","355.00","358.00","354.05","11.16K","0.14%"
"07/22/2020","355.00","356.10","356.10","350.00","7.67K","-0.84%"
"07/21/2020","358.00","357.00","359.80","356.15","7.61K","0.00%"
"07/20/2020","358.00","355.00","358.00","355.00","3.11K","0.85%"
"07/17/2020","355.00","357.00","357.00","355.00","3.01K","-0.56%"
"07/16/2020","357.00","355.95","358.95","353.00","23.04K","0.54%"
"07/15/2020","355.10","351.10","356.95","351.10","11.81K","0.59%"
"07/14/2020","353.00","351.00","353.00","351.00","111.86K","0.43%"
"07/13/2020","351.50","354.95","354.95","351.00","0.44K","-0.14%"
"07/10/2020","352.00","353.00","353.90","351.05","16.36K","0.26%"
"07/09/2020","351.10","354.90","354.90","351.00","0.28K","0.03%"
"07/08/2020","351.00","358.00","358.00","351.00","1.76K","-0.03%"
"07/07/2020","351.10","352.50","353.00","350.00","59.68K","-0.40%"
"07/06/2020","352.50","357.95","357.95","350.00","12.46K","-0.72%"
"07/03/2020","355.05","357.95","358.00","355.05","20.59K","-0.55%"
"07/02/2020","357.00","352.00","357.00","352.00","6.05K","0.00%"
"07/01/2020","357.00","359.00","359.80","356.00","6.28K","0.28%"
"06/30/2020","356.00","353.00","356.00","353.00","173.97K","1.40%"
"06/29/2020","351.10","359.00","359.00","351.10","17.28K","0.29%"
"06/26/2020","350.10","355.00","360.00","350.10","65.37K","-1.39%"
"06/25/2020","355.05","359.00","359.00","355.05","37.86K","-0.55%"
"06/24/2020","357.00","363.85","363.85","354.00","31.40K","-1.46%"
"06/23/2020","362.30","364.00","364.00","361.00","4.70K","-0.45%"
"06/22/2020","363.95","364.00","364.00","361.00","5.88K","-0.01%"
"06/19/2020","364.00","369.90","369.90","360.00","65.15K","-0.29%"
"06/18/2020","365.05","374.90","374.90","365.05","337.65K","0.30%"
"06/17/2020","363.95","363.95","363.95","363.95","79.18K","3.99%"
"06/16/2020","350.00","347.00","351.40","347.00","420.55K","1.45%"
"06/15/2020","345.00","345.00","347.80","342.00","109.68K","0.88%"
"06/12/2020","342.00","348.95","348.95","342.00","41.80K","-0.87%"
"06/11/2020","345.00","348.90","350.90","344.00","77.07K","-1.12%"
"06/10/2020","348.90","354.00","354.00","348.90","80.59K","-1.43%"
"06/09/2020","353.95","354.90","354.90","353.20","89.05K","-0.16%"
"06/08/2020","354.50","354.90","354.90","352.00","29.83K","1.00%"
"06/05/2020","351.00","349.50","353.00","349.50","22.87K","0.29%"
"06/04/2020","350.00","352.90","352.95","350.00","18.79K","0.34%"
"06/03/2020","348.80","350.00","353.00","348.80","130.92K","-0.34%"
"06/02/2020","350.00","353.50","353.50","349.90","72.81K","1.01%"
"06/01/2020","346.50","343.00","348.00","343.00","48.76K","0.43%"
"05/29/2020","345.00","349.95","349.95","340.00","98.40K","0.00%"
"05/28/2020","345.00","360.00","360.00","345.00","61.06K","-2.82%"
"05/27/2020","355.00","353.00","358.00","350.00","137.90K","1.72%"
"05/26/2020","349.00","347.95","352.00","347.00","173.54K","1.32%"
"05/22/2020","344.45","340.00","346.00","340.00","202.82K","1.31%"
"05/21/2020","340.00","331.00","342.50","331.00","59.93K","1.80%"
"05/20/2020","334.00","340.00","340.10","331.00","20.91K","-1.79%"
"05/19/2020","340.10","348.00","348.00","340.10","24.41K","-1.12%"
"05/18/2020","343.95","338.00","344.00","338.00","91.62K","2.67%"
"05/15/2020","335.00","329.00","335.00","328.95","46.81K","3.81%"
"05/14/2020","322.70","320.00","325.00","319.00","130.73K","1.45%"
"05/13/2020","318.10","328.90","328.90","317.45","42.48K","-2.12%"
"05/12/2020","325.00","336.20","336.75","324.95","136.42K","-3.42%"
"05/11/2020","336.50","340.00","340.00","336.50","50.87K","-1.59%"
"05/08/2020","341.95","343.10","343.70","332.25","126.66K","-1.18%"
"05/07/2020","346.05","348.50","348.50","345.00","23.14K","-0.70%"
"05/06/2020","348.50","355.00","355.00","345.00","71.82K","-1.83%"
"05/05/2020","355.00","355.00","359.90","354.05","190.25K","0.00%"
"05/04/2020","355.00","357.10","357.10","350.00","944.29K","-0.34%"
"04/30/2020","356.20","353.00","362.00","353.00","77.19K","1.18%"
"04/29/2020","352.05","348.50","355.00","346.00","242.35K","1.03%"
"04/28/2020","348.45","346.95","348.45","340.00","28.72K","4.00%"
"04/27/2020","335.05","334.80","335.05","331.00","28.38K","1.53%"
"04/24/2020","330.00","329.70","330.00","329.00","34.51K","1.23%"
"04/23/2020","326.00","329.00","329.00","325.00","6.55K","0.00%"
"04/22/2020","326.00","329.90","329.90","325.00","14.40K","0.93%"
"04/21/2020","323.00","330.00","330.10","323.00","79.32K","-2.59%"
"04/20/2020","331.60","334.95","335.00","330.00","21.36K","0.11%"
"04/17/2020","331.25","335.50","335.50","330.00","16.35K","-1.21%"
"04/16/2020","335.30","342.00","342.00","335.30","14.31K","0.09%"
"04/15/2020","335.00","338.85","340.00","335.00","45.56K","-1.76%"
"04/14/2020","341.00","345.00","349.80","340.50","30.03K","0.00%"
"04/13/2020","341.00","343.10","343.10","339.00","3.35K","-0.84%"
"04/10/2020","343.90","343.00","345.00","340.00","44.25K","0.26%"
"04/09/2020","343.00","339.00","348.00","339.00","167.69K","1.18%"
"04/08/2020","339.00","333.00","339.00","326.35","88.61K","3.89%"
"04/07/2020","326.30","327.00","336.55","326.30","124.28K","-3.99%"
"04/06/2020","339.85","355.00","355.00","339.85","26.80K","-4.00%"
"04/03/2020","354.00","363.00","368.00","354.00","146.18K","-2.21%"
"04/02/2020","362.00","368.00","368.00","362.00","63.26K","-2.15%"
"04/01/2020","369.95","371.95","374.95","369.95","4.32K","-0.52%"
"03/31/2020","371.90","377.90","378.00","371.90","9.03K","0.00%"
"03/30/2020","371.90","386.00","386.00","371.00","77.87K","0.00%"
"03/27/2020","371.90","389.00","389.00","371.90","47.14K","-1.61%"
"03/26/2020","378.00","388.00","390.00","375.50","29.18K","-2.56%"
"03/25/2020","387.95","399.00","399.00","384.00","142.94K","-2.77%"
"03/24/2020","399.00","412.45","412.45","395.05","182.28K","0.61%"
"03/23/2020","396.60","396.60","396.60","391.00","156.03K","4.00%"
"03/20/2020","381.35","379.00","381.35","379.00","275.08K","4.00%"
"03/19/2020","366.70","364.95","366.70","358.00","204.82K","4.00%"
"03/18/2020","352.60","367.90","368.00","352.60","92.10K","-3.99%"
"03/17/2020","367.25","370.00","377.00","367.25","106.09K","-4.00%"
"03/16/2020","382.55","420.00","420.00","382.55","129.51K","-9.99%"
"03/13/2020","425.00","416.05","430.00","405.00","116.67K","1.19%"
"03/12/2020","420.00","440.00","440.00","420.00","242.69K","-7.49%"
"03/11/2020","454.00","460.10","463.00","452.50","137.03K","-0.66%"
"03/10/2020","457.00","436.00","473.20","436.00","127.26K","6.23%"
"03/09/2020","430.20","463.00","463.00","427.00","145.70K","-6.07%"
"03/06/2020","458.00","476.00","480.00","458.00","93.75K","-3.78%"
"03/05/2020","476.00","480.00","480.00","476.00","100.47K","-0.21%"
"03/04/2020","477.00","482.60","485.00","477.00","52.85K","-1.41%"
"03/03/2020","483.80","490.50","493.00","483.80","47.80K","-2.46%"
"03/02/2020","496.00","495.00","496.00","494.00","5.64K","0.20%"
"02/28/2020","495.00","507.00","507.00","495.00","163.50K","-2.37%"
"02/26/2020","507.00","511.00","511.00","507.00","38.83K","-0.78%"
"02/25/2020","511.00","510.00","513.00","510.00","66.89K","0.18%"
"02/24/2020","510.10","501.10","510.10","501.10","13.14K","0.02%"
"02/21/2020","510.00","500.00","513.00","500.00","415.85K","1.19%"
"02/20/2020","504.00","500.00","504.00","500.00","41.12K","0.80%"
"02/19/2020","500.00","493.05","500.00","493.05","1.23K","0.00%"
"02/18/2020","500.00","500.00","500.10","499.10","31.28K","0.00%"
"02/17/2020","500.00","498.00","500.00","498.00","10.78K","-0.02%"
"02/14/2020","500.10","487.50","500.10","487.50","81.57K","1.03%"
"02/13/2020","495.00","494.00","495.00","487.05","3.06K","2.47%"
"02/12/2020","483.05","483.05","483.05","483.05","2.55K","0.04%"
"02/11/2020","482.85","486.00","486.00","482.50","22.52K","-1.16%"
"02/10/2020","488.50","489.10","489.10","488.50","31.52K","0.00%"
"02/07/2020","488.50","493.00","493.00","488.05","133.34K","-1.11%"
"02/06/2020","494.00","495.45","496.05","494.00","52.42K","-1.20%"
"02/05/2020","500.00","502.90","503.00","494.05","20.78K","1.21%"
"02/04/2020","494.00","494.00","494.00","493.90","39.26K","0.00%"
"02/03/2020","494.00","507.00","513.00","494.00","6.55K","-1.98%"
"01/31/2020","504.00","498.00","505.00","498.00","66.59K","1.20%"
"01/30/2020","498.00","498.00","498.00","497.10","52.87K","-0.40%"
"01/29/2020","500.00","503.00","503.00","500.00","44.57K","-0.60%"
"01/28/2020","503.00","503.00","505.00","503.00","31.07K","-0.40%"
"01/27/2020","505.00","505.00","505.50","504.00","51.03K","-0.20%"
"01/24/2020","506.00","507.00","507.00","501.20","107.85K","0.20%"
"01/23/2020","505.00","507.00","507.00","501.10","65.41K","-0.39%"
"01/22/2020","507.00","503.00","507.00","503.00","130.08K","0.80%"
"01/21/2020","503.00","500.00","503.00","500.00","24.99K","0.02%"
"01/20/2020","502.90","498.30","502.90","498.30","6.72K","0.78%"
"01/17/2020","499.00","501.60","503.00","497.10","83.77K","-0.20%"
"01/16/2020","500.00","495.10","500.00","495.10","60.36K","0.41%"
"01/15/2020","497.95","498.00","499.00","496.65","97.60K","0.28%"
"01/14/2020","496.55","493.50","496.55","493.50","7.71K","0.69%"
"01/13/2020","493.15","492.05","493.15","492.05","1.83K","-0.67%"
"01/10/2020","496.50","497.60","501.90","496.50","361.57K","-0.49%"
"01/09/2020","498.95","498.00","500.20","498.00","120.49K","0.39%"
"01/08/2020","497.00","495.00","498.00","495.00","112.77K","0.40%"
"01/07/2020","495.00","490.50","495.00","490.50","17.85K","0.92%"
"01/06/2020","490.50","490.00","490.50","490.00","21.40K","-0.90%"
"01/03/2020","494.95","488.90","495.00","487.00","26.66K","1.01%"
"01/02/2020","490.00","490.00","490.00","490.00","4.77K","-1.80%"
"12/31/2019","499.00","491.00","499.00","488.00","167.17K","1.84%"
"12/30/2019","490.00","485.25","490.00","485.25","29.60K","0.20%"
"12/27/2019","489.00","487.10","489.00","486.00","28.93K","0.38%"
"12/26/2019","487.15","488.10","488.10","487.10","35.42K","-0.38%"
"12/25/2019","489.00","492.00","492.00","488.10","99.81K","-0.20%"
"12/24/2019","490.00","491.50","492.00","490.00","127.77K","-0.61%"
"12/23/2019","493.00","492.60","493.00","487.70","118.55K","0.08%"
"12/20/2019","492.60","491.60","492.60","491.60","234.98K","0.22%"
"12/19/2019","491.50","490.00","491.85","490.00","216.39K","0.52%"
"12/18/2019","488.95","489.00","490.00","486.70","35.04K","-0.21%"
"12/17/2019","490.00","490.00","490.00","489.00","127.74K","0.00%"
"12/16/2019","490.00","486.10","490.00","486.10","10.10K","0.01%"
"12/13/2019","489.95","486.10","489.95","486.10","24.95K","0.79%"
"12/12/2019","486.10","488.00","489.90","486.10","19.92K","-0.80%"
"12/11/2019","490.00","485.00","490.00","485.00","136.17K","1.03%"
"12/10/2019","485.00","481.60","485.00","481.60","21.77K","0.80%"
"12/09/2019","481.15","481.00","481.50","481.00","5.51K","-0.19%"
"12/06/2019","482.05","484.50","484.50","481.10","21.64K","0.22%"
"12/05/2019","481.00","479.15","481.00","479.15","38.80K","-0.62%"
"12/04/2019","484.00","476.50","484.00","476.50","1.09K","0.00%"
"12/03/2019","484.00","483.00","484.00","483.00","42.64K","-0.10%"
"12/02/2019","484.50","485.00","485.00","483.10","16.89K","-0.10%"
"11/29/2019","485.00","483.00","485.00","483.00","56.61K","0.39%"
"11/28/2019","483.10","485.00","485.00","483.00","14.83K","0.01%"
"11/27/2019","483.05","481.00","484.00","481.00","8.07K","0.05%"
"11/26/2019","482.80","481.00","484.00","481.00","80.22K","0.36%"
"11/25/2019","481.05","478.50","481.05","478.25","11.14K","-0.80%"
"11/22/2019","484.95","489.00","492.00","475.05","61.42K","-0.42%"
"11/21/2019","487.00","477.00","488.85","477.00","117.69K","1.44%"
"11/20/2019","480.10","482.00","483.00","480.00","46.73K","-0.60%"
"11/19/2019","483.00","471.05","483.00","471.00","74.78K","0.84%"
"11/15/2019","479.00","472.00","480.00","472.00","74.74K","1.68%"
"11/14/2019","471.10","471.10","473.55","471.10","9.72K","0.00%"
"11/13/2019","471.10","473.70","473.70","471.10","92.94K","-0.55%"
"11/12/2019","473.70","474.00","476.00","473.55","29.90K","-0.48%"
"11/08/2019","476.00","472.70","476.00","472.70","32.21K","0.00%"
"11/07/2019","476.00","472.40","476.00","472.40","18.71K","0.76%"
"11/05/2019","472.40","476.00","476.00","471.50","135.11K","-1.53%"
"11/04/2019","479.75","475.35","479.75","475.35","0.21K","0.06%"
"11/01/2019","479.45","479.00","479.85","473.50","5.52K","2.01%"
"10/31/2019","470.00","475.35","475.40","470.00","37.71K","-2.08%"
"10/30/2019","480.00","475.00","480.00","475.00","31.02K","1.66%"
"10/29/2019","472.15","472.00","474.00","472.00","907.80K","-0.60%"
"10/28/2019","475.00","475.00","475.00","475.00","7.38K","0.00%"
"10/25/2019","475.00","477.00","478.00","475.00","47.25K","-1.25%"
"10/24/2019","481.00","476.30","481.00","476.30","6.47K","0.93%"
"10/23/2019","476.55","480.00","480.00","476.55","44.34K","-0.72%"
"10/22/2019","480.00","475.70","480.00","475.30","35.25K","1.02%"
"10/21/2019","475.15","480.00","483.90","475.15","4.63K","-0.19%"
"10/18/2019","476.05","470.10","480.00","470.10","117.95K","0.22%"
"10/17/2019","475.00","465.05","475.00","465.00","77.54K","2.13%"
"10/16/2019","465.10","465.00","465.10","463.10","22.30K","0.22%"
"10/15/2019","464.10","465.00","465.00","462.20","21.58K","0.44%"
"10/14/2019","462.05","461.00","462.05","461.00","38.07K","0.45%"
"10/11/2019","460.00","460.80","463.05","460.00","24.52K","-0.11%"
"10/10/2019","460.50","451.30","461.00","451.25","7.12K","0.08%"
"10/09/2019","460.15","460.10","460.30","460.10","5.09K","0.01%"
"10/08/2019","460.10","465.05","468.00","460.10","6.78K","-1.05%"
"10/07/2019","465.00","465.00","465.00","465.00","0.05K","0.00%"
"10/04/2019","465.00","472.00","472.00","465.00","75.34K","-1.48%"
"10/03/2019","472.00","472.00","472.00","472.00","16.05K","0.00%"
"10/02/2019","472.00","475.50","475.55","472.00","27.75K","-1.67%"
"10/01/2019","480.00","480.00","480.00","475.00","15.10K","0.10%"
"09/30/2019","479.50","473.00","479.50","473.00","69.88K","0.10%"
"09/27/2019","479.00","472.00","479.00","470.00","26.67K","1.91%"
"09/26/2019","470.00","466.55","479.00","466.55","12.55K","0.72%"
"09/25/2019","466.65","466.55","466.65","466.55","3.35K","-0.09%"
"09/24/2019","467.05","466.50","467.05","466.50","35.39K","-0.10%"
"09/23/2019","467.50","471.00","471.00","467.50","3.84K","-0.74%"
"09/20/2019","471.00","472.00","475.00","471.00","39.84K","-1.67%"
"09/19/2019","479.00","474.00","479.00","472.25","67.25K","1.13%"
"09/18/2019","473.65","473.60","473.65","473.60","7.83K","0.02%"
"09/17/2019","473.55","479.85","479.85","472.00","5.60K","-1.32%"
"09/16/2019","479.90","472.00","479.90","472.00","0.57K","0.82%"
"09/13/2019","476.00","472.10","476.00","472.10","21.30K","0.82%"
"09/12/2019","472.15","472.20","472.20","472.00","7.59K","-0.10%"
"09/11/2019","472.60","475.00","475.05","472.60","21.20K","-0.52%"
"09/10/2019","475.05","477.00","477.00","475.05","46.77K","-0.41%"
"09/09/2019","477.00","477.15","477.15","477.00","0.78K","-0.01%"
"09/06/2019","477.05","477.00","477.10","476.10","28.49K","0.01%"
"09/05/2019","477.00","480.00","481.00","477.00","33.69K","-0.63%"
"09/04/2019","480.00","480.55","481.05","480.00","38.78K","-0.41%"
"09/03/2019","482.00","480.00","482.00","480.00","8.03K","0.00%"
"09/02/2019","482.00","482.00","482.50","482.00","5.75K","-0.10%"
"08/30/2019","482.50","481.00","487.75","481.00","14.98K","-1.08%"
"08/29/2019","487.75","481.00","487.75","480.10","5.43K","0.74%"
"08/28/2019","484.15","484.10","484.15","484.10","6.55K","0.02%"
"08/27/2019","484.05","480.00","487.00","480.00","73.24K","1.24%"
"08/26/2019","478.10","476.00","478.10","476.00","3.80K","-0.40%"
"08/23/2019","480.00","475.10","480.00","475.05","1.78K","0.73%"
"08/22/2019","476.50","475.00","476.50","475.00","39.82K","0.49%"
"08/19/2019","474.20","482.00","482.00","474.20","0.04K","-1.62%"
"08/16/2019","482.00","475.00","482.00","474.05","4.19K","-0.10%"
"08/15/2019","482.50","477.00","482.50","473.00","10.33K","1.15%"
"08/09/2019","477.00","476.50","477.00","476.50","5.06K","0.21%"
"08/08/2019","476.00","480.00","480.00","475.00","6.56K","-0.83%"
"08/07/2019","480.00","482.00","482.00","480.00","32.78K","-0.83%"
"08/06/2019","484.00","483.55","484.50","482.00","123.36K","-0.02%"
"08/05/2019","484.10","483.10","484.10","483.10","4.13K","-0.38%"
"08/02/2019","485.95","488.90","488.90","483.30","14.07K","0.40%"
"08/01/2019","484.00","482.50","487.00","482.50","49.80K","-0.20%"
"07/31/2019","484.95","482.30","486.00","482.30","88.24K","0.49%"
"07/29/2019","482.60","482.00","483.00","481.00","44.10K","-0.07%"
"07/26/2019","482.95","478.55","483.05","478.55","37.48K","0.46%"
"07/25/2019","480.75","480.00","482.00","478.80","35.33K","0.53%"
"07/24/2019","478.20","479.95","480.00","478.20","12.40K","-0.36%"
"07/23/2019","479.95","482.00","482.00","477.00","33.10K","-0.11%"
"07/22/2019","480.50","480.00","480.50","480.00","2.15K","-0.31%"
"07/19/2019","482.00","480.00","483.80","480.00","86.08K","0.81%"
"07/18/2019","478.15","478.60","483.00","475.15","19.87K","-0.70%"
"07/17/2019","481.50","478.65","483.90","478.65","278.20K","0.70%"
"07/16/2019","478.15","474.90","478.15","474.90","133.51K","1.37%"
"07/15/2019","471.70","468.00","471.70","468.00","2.80K","0.15%"
"07/12/2019","471.00","472.50","474.50","471.00","53.89K","0.00%"
"07/11/2019","471.00","471.00","476.85","471.00","10.30K","-0.84%"
"07/10/2019","475.00","475.00","475.00","470.00","56.82K","0.00%"
"07/09/2019","475.00","463.85","475.00","463.70","19.20K","2.36%"
"07/08/2019","464.05","463.00","464.05","462.00","33.57K","-1.75%"
"07/05/2019","472.30","470.00","472.30","470.00","0.65K","0.49%"
"07/04/2019","470.00","460.50","473.00","460.50","8.63K","0.00%"
"07/03/2019","470.00","468.00","470.00","461.50","13.34K","1.72%"
"07/02/2019","462.05","460.05","462.05","460.05","34.34K","-0.22%"
"07/01/2019","463.05","466.00","466.00","460.00","91.43K","-0.63%"
"06/28/2019","466.00","460.20","466.00","460.05","556.76K","-0.53%"
"06/27/2019","468.50","460.00","468.50","460.00","3.85M","1.84%"
"06/26/2019","460.05","466.00","466.00","460.00","60.94K","-0.85%"
"06/25/2019","464.00","471.00","471.00","452.00","128.61K","-2.32%"
"06/24/2019","475.00","460.00","476.50","460.00","8.21K","-0.42%"
"06/21/2019","477.00","470.00","477.00","470.00","19.43K","-1.05%"
"06/20/2019","482.05","487.50","488.00","477.30","44.04K","-1.10%"
"06/19/2019","487.40","490.00","493.00","486.00","397.73K","0.70%"
"06/18/2019","484.00","474.00","485.00","465.45","155.47K","2.98%"
"06/17/2019","470.00","460.00","474.00","460.00","30.18K","3.64%"
"06/14/2019","453.50","446.05","453.50","446.05","14.62K","1.68%"
"06/13/2019","446.00","446.00","446.00","446.00","8.32K","-0.22%"
"06/12/2019","447.00","440.50","447.00","440.00","14.31K","-0.22%"
"06/11/2019","448.00","445.05","448.00","445.05","23.20K","0.66%"
"06/10/2019","445.05","436.05","448.00","436.05","8.63K","-0.99%"
"06/04/2019","449.50","436.60","449.50","436.60","7.41K","1.47%"
"06/03/2019","443.00","443.00","443.00","443.00","0.39K","0.00%"
"05/31/2019","443.00","446.00","446.00","443.00","70.13K","-0.67%"
"05/30/2019","446.00","445.10","450.00","445.10","35.63K","-1.76%"
"05/29/2019","454.00","455.00","457.00","454.00","9.98K","-0.66%"
"05/28/2019","457.00","452.90","457.00","452.90","336.72K","1.23%"
"05/27/2019","451.45","448.00","452.00","448.00","56.14K","0.77%"
"05/24/2019","448.00","447.00","450.00","447.00","12.00K","0.67%"
"05/23/2019","445.00","448.10","448.15","445.00","34.42K","-1.09%"
"05/22/2019","449.90","449.90","449.90","449.90","11.91K","0.00%"
"05/21/2019","449.90","450.00","450.00","447.10","30.14K","-0.46%"
"05/20/2019","452.00","436.05","457.75","436.05","29.95K","0.00%"
"05/17/2019","452.00","454.00","458.25","451.20","77.92K","0.18%"
"05/16/2019","451.20","451.00","453.00","451.00","25.73K","0.26%"
"05/15/2019","450.05","443.50","450.05","440.15","67.02K","1.48%"
"05/14/2019","443.50","442.65","444.50","442.65","23.50K","0.19%"
"05/13/2019","442.65","442.50","442.65","442.00","21.20K","-0.08%"
"05/10/2019","443.00","439.00","443.00","439.00","22.43K","0.73%"
"05/09/2019","439.80","435.00","440.00","435.00","43.20K","0.26%"
"05/08/2019","438.65","435.05","443.85","435.05","19.41K","-0.08%"
"05/07/2019","439.00","435.10","440.00","435.10","9.96K","0.92%"
"05/06/2019","435.00","435.00","435.00","435.00","0.64K","0.00%"
"05/03/2019","435.00","435.00","435.00","435.00","13.45K","-0.91%"
"05/02/2019","439.00","440.00","444.80","430.50","44.82K","-1.81%"
"04/30/2019","447.10","430.00","447.10","430.00","30.29K","3.98%"
"04/29/2019","430.00","428.50","430.00","428.50","2.86K","0.30%"
"04/26/2019","428.70","428.50","429.85","428.50","32.16K","-0.27%"
"04/25/2019","429.85","426.20","429.85","426.15","7.70K","0.79%"
"04/24/2019","426.50","430.00","430.00","426.50","3.05K","-0.81%"
"04/23/2019","430.00","432.00","433.00","430.00","64.03K","0.00%"
"04/22/2019","430.00","430.00","430.00","430.00","12.99K","0.00%"
"04/19/2019","430.00","429.95","430.00","429.95","28.55K","0.67%"
"04/18/2019","427.15","430.00","430.00","426.20","20.04K","-0.66%"
"04/17/2019","430.00","430.00","430.00","430.00","4.26K","0.00%"
"04/16/2019","430.00","428.10","430.00","428.00","29.88K","0.47%"
"04/15/2019","428.00","427.00","428.00","427.00","17.58K","0.00%"
"04/12/2019","428.00","437.70","437.70","425.10","0.52K","0.71%"
"04/11/2019","425.00","425.00","425.00","425.00","86.98K","0.47%"
"04/10/2019","423.00","426.00","426.00","420.20","77.48K","-0.47%"
"04/09/2019","425.00","426.00","426.00","425.00","33.72K","-0.23%"
"04/08/2019","426.00","425.00","426.00","425.00","1.24K","0.24%"
"04/05/2019","425.00","425.00","428.90","425.00","30.28K","0.00%"
"04/04/2019","425.00","424.90","425.00","424.90","44.54K","0.00%"
"04/03/2019","425.00","423.00","429.00","422.00","15.69K","0.47%"
"04/02/2019","423.00","425.50","425.50","423.00","7.43K","-0.47%"
"04/01/2019","425.00","422.15","425.05","422.15","13.33K","0.00%"
"03/29/2019","425.00","427.00","427.00","425.00","88.40K","-0.47%"
"03/28/2019","427.00","427.00","427.25","427.00","39.46K","0.11%"
"03/27/2019","426.55","426.00","430.00","425.10","26.71K","0.13%"
"03/26/2019","426.00","425.30","426.00","425.00","52.10K","0.18%"
"03/25/2019","425.25","426.30","429.85","425.00","41.17K","-0.18%"
"03/22/2019","426.00","430.00","431.00","426.00","68.04K","-0.93%"
"03/21/2019","430.00","438.10","438.10","430.00","67.89K","-1.85%"
"03/20/2019","438.10","438.15","440.00","438.10","48.47K","0.00%"
"03/19/2019","438.10","430.00","438.90","430.00","11.59K","1.74%"
"03/18/2019","430.60","431.20","431.20","430.00","8.60K","-0.14%"
"03/15/2019","431.20","426.10","440.00","426.10","98.87K","1.40%"
"03/14/2019","425.25","440.00","440.05","423.55","48.74K","-3.57%"
"03/13/2019","441.00","440.15","442.00","440.00","18.31K","0.19%"
"03/12/2019","440.15","448.90","448.90","440.15","38.56K","-0.47%"
"03/11/2019","442.25","443.35","444.00","442.25","13.29K","-0.19%"
"03/08/2019","443.10","444.00","445.00","443.10","35.14K","-0.31%"
"03/07/2019","444.50","441.30","445.00","441.30","21.94K","0.34%"
"03/06/2019","443.00","446.00","446.00","440.30","6.53K","-1.56%"
"03/05/2019","450.00","450.50","450.50","445.05","5.10K","-0.42%"
"03/04/2019","451.90","445.05","451.90","441.00","7.76K","0.87%"
"03/01/2019","448.00","448.00","448.00","445.00","30.96K","0.00%"
"02/28/2019","448.00","445.10","448.00","445.00","51.03K","-0.22%"
"02/27/2019","449.00","449.05","455.00","449.00","5.76K","-1.97%"
"02/26/2019","458.00","446.00","458.00","446.00","27.07K","2.69%"
"02/25/2019","446.00","448.05","453.15","440.00","12.24K","-1.33%"
"02/22/2019","452.00","451.00","460.00","450.00","85.94K","-0.66%"
"02/21/2019","455.00","452.00","455.00","452.00","4.43K","-0.87%"
"02/20/2019","459.00","460.00","466.00","458.00","70.15K","0.11%"
"02/19/2019","458.50","451.55","460.00","451.55","50.71K","0.74%"
"02/18/2019","455.15","458.00","467.75","455.15","14.63K","-0.62%"
"02/15/2019","458.00","463.00","463.50","458.00","48.01K","-1.08%"
"02/14/2019","463.00","462.00","468.00","462.00","51.86K","0.65%"
"02/13/2019","460.00","453.60","460.00","453.60","34.43K","0.44%"
"02/12/2019","458.00","452.00","458.00","450.10","43.16K","2.07%"
"02/11/2019","448.70","453.00","453.20","448.70","16.36K","0.12%"
"02/08/2019","448.15","448.60","450.00","448.00","21.59K","0.03%"
"02/07/2019","448.00","454.95","454.95","448.00","65.25K","-1.10%"
"02/06/2019","453.00","452.60","455.00","452.50","18.63K","0.09%"
"02/05/2019","452.60","452.70","457.85","452.55","11.94K","0.02%"
"02/04/2019","452.50","455.00","459.30","450.00","17.35K","0.33%"
"02/01/2019","451.00","459.95","460.00","451.00","25.85K","0.00%"
"01/31/2019","451.00","460.00","460.00","451.00","96.92K","-1.96%"
"01/30/2019","460.00","451.25","460.00","451.20","10.23K","1.32%"
"01/29/2019","454.00","454.00","455.00","451.10","23.90K","-0.66%"
"01/28/2019","457.00","458.00","458.00","454.00","7.61K","0.00%"
"01/25/2019","457.00","454.75","459.00","450.00","74.13K","1.56%"
"01/24/2019","450.00","446.10","455.00","446.10","6.30K","0.00%"
"01/23/2019","450.00","440.55","450.00","440.55","19.69K","0.90%"
"01/22/2019","446.00","441.10","446.00","441.00","62.56K","1.25%"
"01/21/2019","440.50","445.00","445.00","440.00","0.16K","0.11%"
"01/18/2019","440.00","442.95","447.95","440.00","26.98K","0.00%"
"01/17/2019","440.00","439.00","440.00","439.00","10.01K","0.23%"
"01/16/2019","439.00","433.55","446.00","433.55","6.85K","0.00%"
"01/15/2019","439.00","431.15","439.00","431.15","10.08K","1.74%"
"01/14/2019","431.50","431.50","431.50","430.00","14.02K","0.00%"
"01/10/2019","431.50","432.00","432.00","430.20","35.80K","0.00%"
"01/09/2019","431.50","431.00","439.00","431.00","1.15K","0.08%"
"01/08/2019","431.15","430.65","431.15","430.00","29.80K","-1.14%"
"01/07/2019","436.10","443.50","443.50","436.00","16.01K","-1.33%"
"01/04/2019","442.00","444.00","448.95","442.00","32.19K","-0.45%"
"01/03/2019","444.00","449.95","449.95","444.00","9.34K","-1.31%"
"01/02/2019","449.90","448.00","449.90","444.00","4.77K","-0.68%"
"12/31/2018","453.00","449.45","453.00","446.00","4.05M","0.67%"
"12/28/2018","450.00","452.50","452.90","445.15","75.40K","-0.01%"
"12/27/2018","450.05","452.90","452.90","448.30","15.66K","0.00%"
"12/26/2018","450.05","450.00","450.05","448.00","1.63M","0.46%"
"12/25/2018","448.00","450.00","459.90","447.00","3.65M","-0.44%"
"12/24/2018","450.00","446.50","450.00","446.50","15.58K","0.00%"
"12/21/2018","450.00","444.05","450.00","444.05","91.17K","1.09%"
"12/20/2018","445.15","445.00","445.15","445.00","21.13K","0.03%"
"12/19/2018","445.00","444.10","445.00","444.10","48.19K","-0.01%"
"12/18/2018","445.05","442.10","445.50","442.10","101.86K","0.01%"
"12/17/2018","445.00","445.00","446.00","445.00","57.05K","0.00%"
"12/14/2018","445.00","447.55","449.95","445.00","15.49K","-1.11%"
"12/13/2018","450.00","447.25","450.00","447.25","17.09K","0.67%"
"12/12/2018","447.00","448.15","453.95","447.00","30.14K","-1.54%"
"12/11/2018","454.00","448.00","454.00","447.90","74.91K","1.45%"
"12/10/2018","447.50","445.10","451.00","445.10","7.49K","0.00%"
"12/07/2018","447.50","452.00","452.30","447.00","52.68K","-0.79%"
"12/06/2018","451.05","455.70","459.00","450.10","30.44K","-1.95%"
"12/05/2018","460.00","460.00","462.00","459.00","15.97K","0.22%"
"12/04/2018","459.00","455.00","460.00","453.00","70.35K","-0.10%"
"12/03/2018","459.45","450.00","459.45","450.00","15.53K","2.79%"
"11/30/2018","447.00","451.00","455.00","447.00","99.26K","0.00%"
"11/29/2018","447.00","454.20","469.00","447.00","126.11K","-1.56%"
"11/28/2018","454.10","449.00","455.00","449.00","29.09K","1.36%"
"11/27/2018","448.00","445.50","449.00","445.50","78.70K","0.00%"
"11/26/2018","448.00","434.00","448.00","434.00","36.54K","0.67%"
"11/23/2018","445.00","443.00","445.00","443.00","7.72K","0.45%"
"11/22/2018","443.00","443.00","444.35","440.55","17.08K","0.00%"
"11/19/2018","443.00","441.00","443.85","440.00","16.66K","0.00%"
"11/16/2018","443.00","440.00","444.00","440.00","29.61K","0.00%"
"11/15/2018","443.00","442.10","446.00","442.10","22.71K","0.23%"
"11/14/2018","442.00","438.00","442.00","438.00","22.26K","0.91%"
"11/13/2018","438.00","435.00","440.00","427.00","4.66K","0.69%"
"11/12/2018","435.00","436.50","450.00","435.00","26.47K","-1.51%"
"11/09/2018","441.65","431.05","441.65","431.05","27.67K","2.00%"
"11/08/2018","433.00","430.00","433.00","430.00","36.49K","1.39%"
"11/07/2018","427.05","420.00","429.65","420.00","27.85K","1.68%"
"11/05/2018","420.00","421.00","432.05","420.00","7.06K","0.00%"
"11/02/2018","420.00","420.00","420.00","417.00","13.85K","0.79%"
"11/01/2018","416.70","425.95","426.00","416.50","38.11K","0.05%"
"10/31/2018","416.50","426.10","426.10","416.50","25.10K","-2.23%"
"10/30/2018","426.00","430.00","430.00","425.10","27.20K","-0.98%"
"10/29/2018","430.20","433.00","433.00","430.00","0.41K","-0.01%"
"10/26/2018","430.25","430.20","434.90","430.15","4.05K","-0.20%"
"10/25/2018","431.10","431.00","431.50","431.00","32.81K","0.02%"
"10/24/2018","431.00","430.00","431.00","430.00","36.78K","-0.67%"
"10/23/2018","433.90","437.00","440.00","430.00","93.66K","-1.83%"
"10/22/2018","442.00","435.00","442.00","435.00","60.43K","1.61%"
"10/19/2018","435.00","435.70","438.50","435.00","26.22K","-1.34%"
"10/18/2018","440.90","440.00","440.90","430.05","5.51K","-0.02%"
"10/17/2018","441.00","440.00","441.00","440.00","0.13K","0.00%"
"10/16/2018","441.00","441.00","442.00","440.05","26.51K","-0.68%"
"10/15/2018","444.00","441.05","444.00","441.00","2.01K","0.68%"
"10/12/2018","441.00","445.00","445.00","441.00","23.99K","0.00%"
"10/11/2018","441.00","441.00","441.00","441.00","1.78K","-0.45%"
"10/10/2018","443.00","449.00","449.00","443.00","4.10K","-1.34%"
"10/09/2018","449.00","443.10","449.00","443.00","21.61K","1.33%"
"10/08/2018","443.10","445.00","445.00","440.00","1.81K","-0.20%"
"10/05/2018","444.00","446.00","446.00","444.00","8.00K","-0.25%"
"10/04/2018","445.10","445.05","449.90","445.00","1.87K","-0.22%"
"10/03/2018","446.10","446.00","446.10","446.00","23.92K","-0.11%"
"10/02/2018","446.60","447.05","447.05","446.50","15.51K","-0.10%"
"10/01/2018","447.05","447.05","448.00","447.05","8.89K","-0.66%"
"09/28/2018","450.00","452.00","452.00","446.05","106.15K","-0.44%"
"09/27/2018","452.00","452.00","459.00","452.00","26.27K","-1.74%"
"09/26/2018","460.00","447.25","460.00","447.25","34.48K","1.21%"
"09/25/2018","454.50","446.20","454.50","446.00","16.06K","1.88%"
"09/24/2018","446.10","447.00","447.00","446.00","10.53K","-1.09%"
"09/21/2018","451.00","450.50","454.00","450.00","41.92K","-0.22%"
"09/20/2018","452.00","450.00","459.50","450.00","92.51K","0.89%"
"09/19/2018","448.00","446.00","448.00","446.00","12.83K","0.07%"
"09/18/2018","447.70","446.00","448.50","446.00","25.98K","0.38%"
"09/17/2018","446.00","445.05","446.00","445.05","4.51K","-0.45%"
"09/14/2018","448.00","446.00","453.00","446.00","49.32K","-0.44%"
"09/13/2018","450.00","443.20","457.95","443.10","12.30K","1.56%"
"09/12/2018","443.10","441.00","444.00","441.00","30.70K","0.67%"
"09/10/2018","440.15","444.00","444.00","440.15","7.29K","-1.75%"
"09/07/2018","448.00","455.00","455.00","448.00","74.62K","-0.88%"
"09/06/2018","452.00","454.95","454.95","451.95","48.91K","-0.63%"
"09/05/2018","454.85","455.05","456.00","454.85","47.91K","-1.12%"
"09/04/2018","460.00","462.00","462.00","455.00","44.43K","-0.43%"
"09/03/2018","462.00","461.00","462.00","461.00","8.02K","-0.22%"
"08/31/2018","463.00","470.00","470.00","463.00","11.08K","-2.11%"
"08/30/2018","473.00","473.00","473.00","469.00","228.01K","0.85%"
"08/29/2018","469.00","469.00","470.00","469.00","13.88K","-0.21%"
"08/28/2018","470.00","470.00","474.00","470.00","16.12K","-0.84%"
"08/27/2018","474.00","473.90","474.00","473.90","17.24K","0.00%"
"08/24/2018","474.00","470.00","474.00","470.00","4.64K","0.21%"
"08/17/2018","473.00","467.15","473.00","467.15","5.17K","0.62%"
"08/16/2018","470.10","470.00","470.10","467.00","15.88K","0.02%"
"08/15/2018","470.00","465.70","470.00","465.70","6.69K","0.00%"
"08/13/2018","470.00","470.05","470.05","465.00","6.50K","-1.03%"
"08/10/2018","474.90","475.00","475.00","470.00","37.69K","1.04%"
"08/09/2018","470.00","468.00","470.00","465.00","3.28K","0.00%"
"08/08/2018","470.00","470.00","475.00","464.00","12.79K","0.43%"
"08/07/2018","468.00","465.00","468.00","465.00","18.68K","0.65%"
"08/06/2018","465.00","466.00","469.00","461.00","10.20K","-0.85%"
"08/03/2018","469.00","467.00","472.00","467.00","45.04K","0.00%"
"08/02/2018","469.00","469.00","469.00","468.95","44.97K","0.21%"
"08/01/2018","468.00","470.00","473.00","468.00","55.33K","-1.06%"
"07/31/2018","473.00","478.00","478.00","473.00","46.69K","-1.36%"
"07/27/2018","479.50","478.80","480.00","476.00","45.50K","0.55%"
"07/26/2018","476.90","469.80","476.90","465.00","13.25K","1.70%"
"07/25/2018","468.95","470.00","470.00","465.00","21.80K","0.81%"
"07/24/2018","465.20","464.50","470.05","464.00","34.74K","0.26%"
"07/23/2018","464.00","466.00","479.00","460.00","1.44K","0.87%"
"07/20/2018","460.00","453.00","460.00","453.00","17.16K","1.77%"
"07/19/2018","452.00","446.10","458.50","445.50","12.20K","1.33%"
"07/18/2018","446.05","442.00","453.00","442.00","63.45K","-1.53%"
"07/17/2018","453.00","456.50","456.50","451.00","14.80K","-0.66%"
"07/16/2018","456.00","468.80","468.80","456.00","4.60K","-0.86%"
"07/13/2018","459.95","460.10","464.80","459.95","79.90K","-0.43%"
"07/12/2018","461.95","462.50","465.00","460.10","19.88K","-0.02%"
"07/11/2018","462.05","467.70","475.00","462.05","35.40K","-1.69%"
"07/10/2018","470.00","479.60","479.60","470.00","0.06K","0.64%"
"07/09/2018","467.00","474.50","474.50","465.00","17.80K","-1.66%"
"07/06/2018","474.90","464.50","474.90","464.00","6.24K","2.57%"
"07/05/2018","463.00","476.85","476.85","463.00","2.63K","0.00%"
"07/04/2018","463.00","463.00","463.00","463.00","22.84K","0.18%"
"07/03/2018","462.15","469.00","472.00","462.15","46.85K","-1.46%"
"07/02/2018","469.00","479.60","479.60","469.00","2.51K","-0.21%"
"06/29/2018","470.00","474.90","475.00","470.00","77.96K","-1.05%"
"06/28/2018","475.00","475.00","475.00","470.00","1.83M","0.00%"
"06/27/2018","475.00","475.00","479.00","472.00","27.20K","0.00%"
"06/26/2018","475.00","472.00","476.00","472.00","71.16K","-0.92%"
"06/25/2018","479.40","475.00","479.40","471.10","38.31K","-0.10%"
"06/22/2018","479.90","469.00","479.90","469.00","2.52K","1.85%"
"06/21/2018","471.20","466.00","476.85","466.00","211.56K","-4.23%"
"06/20/2018","492.00","489.00","492.00","488.10","236.94K","0.55%"
"06/19/2018","489.30","489.00","492.00","487.50","47.14K","0.53%"
"06/18/2018","486.70","490.10","491.00","486.10","25.23K","-0.69%"
"06/14/2018","490.10","492.00","492.00","489.90","28.23K","0.00%"
"06/13/2018","490.10","492.10","494.95","490.00","7.39K","-0.45%"
"06/12/2018","492.30","495.00","497.00","492.30","29.48K","-0.55%"
"06/11/2018","495.00","495.00","497.00","492.50","58.33K","0.00%"
"06/08/2018","495.00","485.10","497.00","485.10","71.23K","-0.40%"
"06/07/2018","497.00","485.05","497.00","485.00","8.05K","2.46%"
"06/06/2018","485.05","483.95","485.05","483.10","4.04K","0.40%"
"06/05/2018","483.10","485.00","485.00","483.10","10.76K","0.00%"
"06/04/2018","483.10","487.00","488.50","483.10","15.77K","-0.49%"
"06/01/2018","485.50","483.00","489.00","483.00","48.38K","0.09%"
"05/31/2018","485.05","481.70","485.05","481.60","34.03K","0.83%"
"05/30/2018","481.05","481.00","481.05","481.00","18.14K","0.45%"
"05/29/2018","478.90","477.20","478.90","477.15","9.27K","0.37%"
"05/28/2018","477.15","476.05","477.15","476.05","44.14K","-2.18%"
"05/25/2018","487.80","478.90","487.80","475.60","54.59K","2.26%"
"05/24/2018","477.00","478.00","483.70","476.00","14.08K","0.00%"
"05/23/2018","477.00","483.90","483.90","477.00","15.67K","-0.21%"
"05/22/2018","478.00","479.05","480.00","478.00","14.38K","-0.01%"
"05/21/2018","478.05","481.00","481.00","478.05","56.28K","-0.41%"
"05/18/2018","480.00","485.00","485.00","480.00","41.12K","-0.62%"
"05/17/2018","483.00","482.60","486.00","482.00","31.00K","-0.62%"
"05/16/2018","486.00","488.05","488.05","485.00","40.02K","-0.61%"
"05/15/2018","489.00","491.00","491.00","489.00","12.69K","-0.41%"
"05/14/2018","491.00","494.00","494.00","491.00","3.55K","-0.54%"
"05/11/2018","493.65","496.00","496.00","493.65","25.56K","-0.49%"
"05/10/2018","496.10","497.10","498.00","496.10","3.38K","-0.38%"
"05/09/2018","498.00","497.00","500.00","497.00","7.92K","0.17%"
"05/08/2018","497.15","498.00","500.00","497.15","5.58K","-0.57%"
"05/07/2018","500.00","497.10","507.70","497.10","10.42K","-0.97%"
"05/04/2018","504.90","504.90","504.90","504.90","1.00K","0.86%"
"05/03/2018","500.60","509.00","509.00","500.00","5.23K","0.00%"
"05/02/2018","500.60","505.00","505.00","500.60","6.98K","-1.82%"
"04/30/2018","509.90","505.00","509.90","500.00","41.32K","0.97%"
"04/27/2018","505.00","500.00","505.00","500.00","11.54K","1.00%"
"04/26/2018","500.00","500.10","500.10","500.00","8.76K","-0.02%"
"04/25/2018","500.10","497.00","504.90","497.00","8.04K","0.02%"
"04/24/2018","500.00","504.90","504.90","500.00","7.92K","-0.97%"
"04/23/2018","504.90","498.05","505.00","498.05","7.37K","0.06%"
"04/20/2018","504.60","496.10","505.00","496.10","13.40K","0.92%"
"04/19/2018","500.00","497.00","500.00","496.05","5.08K","0.81%"
"04/18/2018","496.00","494.50","498.00","494.50","3.51K","0.26%"
"04/17/2018","494.70","494.00","496.50","494.00","4.27K","0.14%"
"04/16/2018","494.00","494.00","498.00","494.00","56.19K","-0.80%"
"04/13/2018","498.00","492.30","498.00","492.30","26.19K","1.01%"
"04/12/2018","493.00","492.15","493.95","492.15","8.50K","0.16%"
"04/11/2018","492.20","492.05","492.20","492.05","20.25K","0.03%"
"04/10/2018","492.05","493.00","493.00","490.00","10.97K","0.01%"
"04/09/2018","492.00","492.00","492.10","492.00","11.19K","-0.20%"
"04/06/2018","493.00","492.25","493.00","492.25","78.35K","-0.20%"
"04/05/2018","494.00","493.00","494.00","492.30","68.41K","0.00%"
"04/04/2018","494.00","491.50","496.00","491.50","134.46K","-0.03%"
"04/03/2018","494.15","493.50","496.50","493.50","35.11K","0.13%"
"04/02/2018","493.50","499.95","500.00","493.50","51.90K","-1.30%"
"03/30/2018","500.00","499.95","500.00","491.70","38.94K","1.83%"
"03/29/2018","491.00","499.10","500.00","491.00","13.91K","-1.60%"
"03/28/2018","499.00","500.00","500.00","499.00","16.00K","-0.20%"
"03/27/2018","500.00","508.80","508.80","500.00","359.03K","0.00%"
"03/26/2018","500.00","500.00","500.00","500.00","22.82K","0.00%"
"03/23/2018","500.00","500.00","504.00","500.00","26.68K","0.00%"
"03/22/2018","500.00","499.95","500.00","499.95","9.14K","0.00%"
"03/21/2018","500.00","505.00","507.00","500.00","78.81K","-1.56%"
"03/20/2018","507.90","509.00","509.00","507.90","24.45K","-0.22%"
"03/19/2018","509.00","509.50","509.50","509.00","47.45K","0.00%"
"03/16/2018","509.00","510.00","510.00","508.50","19.91K","-0.20%"
"03/15/2018","510.00","509.50","510.00","509.50","4.50K","0.00%"
"03/14/2018","510.00","510.00","511.90","509.90","23.75K","0.00%"
"03/13/2018","510.00","510.10","513.60","509.00","26.01K","-0.70%"
"03/12/2018","513.60","511.00","513.60","511.00","6.51K","0.31%"
"03/09/2018","512.00","512.00","512.80","511.00","47.08K","0.02%"
"03/08/2018","511.90","510.00","511.90","509.00","82.82K","0.37%"
"03/07/2018","510.00","512.00","512.00","508.60","41.48K","-0.27%"
"03/06/2018","511.40","510.00","512.00","510.00","46.53K","-0.12%"
"03/05/2018","512.00","511.00","512.00","509.00","20.54K","0.51%"
"03/02/2018","509.40","509.90","510.00","509.40","58.90K","-0.08%"
"03/01/2018","509.80","506.20","509.90","506.20","14.71K","0.39%"
"02/28/2018","507.80","508.00","513.70","507.80","113.22K","0.00%"
"02/27/2018","507.80","503.00","510.00","502.00","19.30K","0.69%"
"02/26/2018","504.30","515.00","518.90","502.00","55.04K","-1.89%"
"02/23/2018","514.00","508.00","515.00","508.00","62.96K","1.18%"
"02/22/2018","508.00","503.70","508.00","503.00","79.89K","0.85%"
"02/21/2018","503.70","503.00","503.70","500.10","4.63K","0.74%"
"02/20/2018","500.00","502.00","504.00","500.00","29.96K","-0.40%"
"02/19/2018","502.00","502.00","502.00","501.10","10.23K","0.20%"
"02/16/2018","501.00","497.15","506.00","496.05","27.15K","0.78%"
"02/15/2018","497.10","495.00","502.00","495.00","16.84K","0.42%"
"02/14/2018","495.00","495.10","496.50","495.00","15.23K","-1.77%"
"02/13/2018","503.90","491.00","503.90","490.55","32.58K","2.84%"
"02/12/2018","490.00","492.50","492.50","490.00","45.61K","-0.51%"
"02/09/2018","492.50","497.90","497.90","490.15","34.90K","-0.51%"
"02/08/2018","495.00","488.70","495.00","488.65","18.69K","1.43%"
"02/07/2018","488.00","498.00","498.00","488.00","39.19K","-2.01%"
"02/06/2018","498.00","500.00","500.00","498.00","23.42K","-0.40%"
"02/05/2018","500.00","500.00","503.00","500.00","19.00K","-0.50%"
"02/02/2018","502.50","500.50","505.00","500.50","47.13K","0.42%"
"02/01/2018","500.40","500.00","505.00","497.15","34.53K","0.08%"
"01/31/2018","500.00","501.10","506.90","500.00","88.92K","-1.52%"
"01/30/2018","507.70","504.00","507.70","501.00","37.64K","0.81%"
"01/29/2018","503.60","505.00","505.50","502.10","25.23K","-0.85%"
"01/26/2018","507.90","505.30","507.90","502.10","49.29K","-0.27%"
"01/25/2018","509.30","504.90","509.70","504.90","35.32K","1.66%"
"01/24/2018","501.00","500.00","505.00","500.00","46.03K","0.20%"
"01/23/2018","500.00","500.00","500.00","498.05","24.30K","-0.99%"
"01/22/2018","505.00","501.00","505.00","500.00","20.53K","1.00%"
"01/19/2018","500.00","499.00","502.00","498.05","42.27K","0.00%"
"01/18/2018","500.00","500.00","502.00","500.00","37.04K","0.00%"
"01/17/2018","500.00","498.00","503.00","498.00","90.77K","0.00%"
"01/16/2018","500.00","503.00","509.00","500.00","146.39K","-1.57%"
"01/15/2018","508.00","501.10","512.00","501.10","137.81K","1.58%"
"01/12/2018","500.10","500.00","504.00","500.00","35.57K","0.02%"